,Dariusz Kaczmarek
,Łukasz Chmielewski
,Piotr Czarnecka
,Tomasz Kwiatkowski
,Ewa Wróblewski
,Dorota Adamska
,Katarzyna Adamczyk
,Genowefa Grabowska
,Iwona Kaźmierczak
,Czesław Laskowska
,Jadwiga Michalska
,Marta Piotrowska
,Krzysztof Lewandowska
,Danuta Lis
,Elżbieta Wieczorek
,Kamil Jankowski
,Marianna Stępień
,Dorota Szczepański
,Wanda Wójcik
,Tomasz Wilk
,Mirosław Malinowski
,Agata Nowak
,Stanisława Jaworski
,Dawid Adamczyk
,Zdzisław Maciejewska
,Kazimiera Dudek
,Kazimierz Adamska
,Agnieszka Kaczmarek
,Kamil Jankowska
,Jarosław Stępień
,Krystyna Nowicka
,Marcin Wróbel
,Mariusz Kamińska
,Janina Wilk
,Mateusz Kwiatkowski
,Józef Sikora
,Stanisława Zawadzki
,Barbara Szewczyk
,Damian Walczak
,Stanisław Nowicka
,Marek Zakrzewska
,Irena Mazurek
,Mariusz Majewska
,Damian Kwiatkowski
,Urszula Przybylska
,Grażyna Jakubowski
,Jolanta Sadowska
,Genowefa Szulc
,Marcin Duda
,Maria Jaworski
,Krystyna Ostrowska
,Edward Czarnecki
,Justyna Maciejewska
,Teresa Dąbrowska
,Paulina Olszewski
,Przemysław Kubiak
,Marta Kalinowska
,Wanda Kwiatkowski
,Justyna Michalski
,Grażyna Pawłowski
,Andrzej Szczepańska
,Natalia Grabowski
,Karolina Tomaszewska
,Damian Górski
,Marcin Gajewska
,Damian Król
,Roman Mazurek
,Łukasz Jasińska
,Barbara Sikora
,Artur Wojciechowska
,Waldemar Baranowski
,Anna Przybylska
,Barbara Czarnecki
,Wojciech Kubiak
,Małgorzata Lis
,Józef Marciniak
,Iwona Kaczmarek
,Rafał Czerwińska
,Magdalena Dudek
,Grażyna Dąbrowska
,Renata Sobczak
,Agnieszka Piotrowski
,Waldemar Dudek
,Wiesława Olszewski
,Dawid Wilk
,Halina Kaźmierczak
,Grzegorz Wiśniewski
,Danuta Urbański
,Marzena Wróblewska
,Paulina Makowski
,Mateusz Wróblewski
,Łukasz Czarnecki
,Beata Krawczyk
,Maciej Ziółkowski
,Wiesława Brzeziński
,Dawid Wróbel
,Władysław Rutkowski
,Adam Wiśniewski
,Grzegorz Zieliński
,Natalia Nowak
,Monika Borkowskia
,Jadwiga Pawlak
,Waldemar Mazur
,Zbigniew Mazurek
,Janusz Zakrzewska
,Stanisław Jakubowska
,Sławomir Mazurek
,Marianna Lewandowska
,Rafał Kaźmierczak
,Paweł Wilk
,Przemysław Kowalska
,Mieczysław Kowalski
,Sylwia Michalak
,Janusz Majewski
,Mieczysław Adamczyk
,Robert Kwiatkowski
,Bożena Chmielewski
,Renata Król
,Stanisław Kowalski
,Józef Cieślak
,Leszek Krawczyk
,Natalia Szewczyk
,Przemysław Wysocki
,Magdalena Sawicka
,Ewa Laskowski
,Ewa Jakubowska
,Karolina Szymański
,Tomasz Szewczyk
,Janina Pietrzak
,Zdzisław Pawlak
,Barbara Krajewski
,Małgorzata Kaźmierczak
,Adam Kaczmarek
,Sławomir Wojciechowska
,Paulina Mazur
,Elżbieta Włodarczyk
,Marian Duda
,Agnieszka Kaczmarek
,Mateusz Wojciechowski
,Mieczysław Zalewska
,Wojciech Szymczak
,Wiesława Sokołowski
,Kazimiera Olszewskia
,Patrycja Przybylska
,Urszula Szczepański
,Beata Walczak
,Jan Lewandowska
,Genowefa Stępień
,Wiesława Baran
,Wojciech Pietrzak
,Edward Kowalska
,Stanisława Michalska
,Maciej Kołodziej
,Grażyna Adamski
,Marta Piotrowska
,Andrzej Sadowski
,Wanda Wilk
,Marek Cieślak
,Mirosław Witkowska
,Józef Jasińska
,Anna Sikora
,Beata Michalski
,Mateusz Stępień
,Wiesława Jankowska
,Paweł Szczepańska
,Leszek Kamiński
,Daniel Lis
,Maria Adamski
,Sylwia Wróbel
,Wiesława Chmielewski
,Marian Dąbrowska
,Dariusz Bąk
,Aleksandra Jasiński
,Daniel Gajewski
,Edward Ziółkowska
,Jakub Kwiatkowski
,Stefania Sikorska
,Helena Lewandowska
,Józef Witkowska
,Michał Wieczorek
,Maria Malinowski
,Kazimiera Krawczyk
,Justyna Adamczyk
,Kamil Nowak
,Sławomir Włodarczyk
,Patrycja Pietrzak
,Marianna Zając
,Piotr Adamska
,Paweł Baran
,Michał Baran
,Agnieszka Wójcik
,Maciej Gajewski
,Jacek Lewandowska
,Krzysztof Nowak
,Władysław Kwiatkowski
,Stanisława Sobczak
,Anna Szymczak
,Teresa Duda
,Mieczysław Mazur
,Sebastian Lewandowski
,Tomasz Walczak
,Wojciech Jaworski
,Roman Zawadzki
,Helena Szczepański
,Rafał Szczepański
,Piotr Wróbel
,Grażyna Wróbel
,Wiesława Sawicki
,Łukasz Woźniak
,Marian Kozłowski
,Waldemar Majewski
,Roman Szulc
,Piotr Szymczak
,Natalia Pawlak
,Artur Czerwiński
,Sylwia Nowak
,Katarzyna Malinowska
,Jolanta Zawadzka
,Janina Duda
,Jarosław Kamiński
,Anna Laskowska
,Tadeusz Jabłoński
,Aneta Andrzejewska
,Urszula Witkowska
,Ewa Wiśniewski
,Dawid Baranowska
,Bożena Król
,Janusz Gajewski
,Marcin Laskowska
,Danuta Baran
,Kamil Zalewski
,Dorota Witkowska
,Mariusz Zalewski
,Wiesława Wysocka
,Sylwia Olszewskia
,Marta Czerwińska
,Jakub Walczak
,Elżbieta Kowalski
,Robert Wieczorek
,Wojciech Sikora
,Magdalena Nowakowska
,Dawid Woźniak
,Anna Zając
,Danuta Jankowski
,Irena Lis
,Krystyna Kołodziej
,Karolina Gajewska
,Dorota Tomaszewski
,Marian Jasińska
,Marzena Lewandowska
,Leszek Ostrowska
,Sławomir Maciejewski
,Beata Andrzejewska
,Magdalena Wysocki
,Jakub Sikora
,Justyna Szymańska
,Barbara Jakubowski
,Ewa Wilk
,Janusz Kaźmierczak
,Irena Baran
,Barbara Grabowski
,Ryszard Wasilewska
,Kazimierz Szymczak
,Karolina Nowakowski
,Zdzisław Wysocka
,Kazimiera Kowalski
,Dawid Sikora
,Grzegorz Michalak
,Jacek Chmielewska
,Dawid Kowalski
,Dorota Sawicki
,Robert Wysocka
,Jarosław Chmielewski
,Wanda Szymańska
,Sebastian Jabłoński
,Marian Nowak
,Teresa Kubiak
,Wiesław Kołodziej
,Leszek Brzeziński
,Stanisław Zając
,Ewelina Wilk
,Tomasz Wróblewski
,Marcin Kaźmierczak
,Wiesław Witkowska
,Rafał Kubiak
,Urszula Czarnecki
,Przemysław Stępień
,Jarosław Baranowski
,Janusz Pietrzak
,Bożena Urbańska
,Jerzy Jasińska
,Artur Sikora
,Natalia Wójcik
,Paweł Duda
,Ewa Kucharska
,Irena Urbański
,Kazimierz Wasilewska
,Józef Czarnecka
,Ewelina Nowakowski
,Rafał Zakrzewska
,Stefania Makowska
,Alicja Marciniak
,Jolanta Jabłońska
,Alicja Krajewski
,Jadwiga Kucharski
,Tomasz Wojciechowska
,Mieczysław Lewandowski
,Krzysztof Kozłowska
,Przemysław Urbańska
,Janina Makowski
,Natalia Szczepański
,Justyna Michalak
,Edyta Wójcik
,Patrycja Jaworski
,Waldemar Szymczak
,Kazimiera Pawłowska
,Mariusz Sawicki
,Stanisława Dąbrowska
,Czesław Kaczmarek
,Jarosław Andrzejewski
,Damian Andrzejewski
,Paweł Michalski
,Irena Głowacka
,Natalia Baran
,Marek Stępień
,Jarosław Olszewskia
,Artur Zieliński
,Elżbieta Wilk
,Zdzisław Jakubowska
,Izabela Szymańska
,Władysław Kucharski
,Sławomir Adamczyk
,Genowefa Zielińska
,Agnieszka Piotrowska
,Patrycja Marciniak
,Teresa Cieślak
,Przemysław Wysocki
,Marzena Sawicka
,Jarosław Ostrowski
,Ewa Piotrowska
,Adam Sadowski
,Sylwia Olszewskia
,Beata Kowalska
,Elżbieta Dąbrowska
,Jan Baran
,Jacek Brzeziński
,Władysław Woźniak
,Krystyna Stępień
,Aleksandra Brzeziński
,Paulina Andrzejewska
,Henryk Szymańska
,Małgorzata Sobczak
,Przemysław Rutkowska
,Teresa Tomaszewska
,Jacek Sobczak
,Katarzyna Zakrzewski
,Andrzej Lewandowska
,Helena Lewandowski
,Waldemar Krawczyk
,Katarzyna Zielińska
,Teresa Stępień
,Grzegorz Król
,Dawid Gajewski
,Adam Krawczyk
,Agata Piotrowska
,Mieczysław Czerwiński
,Stanisław Malinowska
,Ewa Adamczyk
,Bożena Wróbel
,Zofia Urbańska
,Małgorzata Dudek
,Roman Wieczorek
,Karolina Ziółkowska
,Irena Kamiński
,Beata Borkowskia
,Łukasz Krawczyk
,Jadwiga Kaczmarek
,Wanda Jakubowski
,Daniel Grabowska
,Jarosław Wasilewski
,Janina Zawadzka
,Kazimierz Wojciechowski
,Iwona Sokołowska
,Marianna Górski
,Zdzisław Wilk
,Mateusz Piotrowski
,Czesław Michalska
,Marcin Chmielewski
,Rafał Kowalski
,Tomasz Ostrowska
,Paulina Michalski
,Marcin Czarnecka
,Łukasz Walczak
,Ewa Wójcik
,Genowefa Adamski
,Kamil Laskowski
,Tomasz Szymczak
,Agnieszka Kalinowska
,Damian Sobczak
,Wojciech Borkowskia
,Kamil Ziółkowski
,Dawid Stępień
,Marek Malinowska
,Iwona Tomaszewski
,Urszula Sikora
,Beata Jabłoński
,Justyna Majewska
,Jacek Dąbrowska
,Krzysztof Szewczyk
,Iwona Nowak
,Urszula Wilk
,Bożena Pawłowski
,Ewelina Wójcik
,Damian Sobczak
,Maciej Czerwiński
,Marta Zając
,Krzysztof Włodarczyk
,Dariusz Ziółkowska
,Stanisław Szymczak
,Wanda Zakrzewski
,Elżbieta Tomaszewski
,Jolanta Chmielewski
,Jolanta Sikorska
,Grzegorz Zalewski
,Roman Wróbel
,Piotr Kowalski
,Patrycja Pietrzak
,Karolina Malinowska
,Wanda Jakubowski
,Danuta Wieczorek
,Jan Cieślak
,Przemysław Walczak
,Helena Wójcik
,Teresa Zając
,Karolina Jakubowska
,Beata Lis
,Barbara Duda
,Małgorzata Borkowskia
,Dawid Ziółkowski
,Agata Borkowski
,Renata Sadowski
,Sylwia Mazur
,Marta Zalewski
,Jadwiga Sokołowska
,Paweł Bąk
,Zofia Malinowski
,Natalia Kamińska
,Jacek Michalak
,Marcin Mazur
,Paweł Sikorski
,Iwona Malinowski
,Monika Przybylska
,Jadwiga Piotrowski
,Renata Makowski
,Patrycja Marciniak
,Edward Jaworski
,Marcin Marciniak
,Paweł Kubiak
,Daniel Jankowski
,Rafał Jankowska
,Edward Szymańska
,Mieczysław Wojciechowska
,Rafał Ziółkowska
,Marianna Czarnecka
,Kazimiera Pawłowska
,Jerzy Ostrowska
,Dariusz Sikora
,Ewa Ostrowski
,Tomasz Mazurek
,Patrycja Jabłoński
,Sławomir Sikorska
,Janusz Jasińska
,Piotr Pawłowski
,Karolina Zawadzka
,Bożena Dudek
,Wanda Marciniak
,Katarzyna Duda
,Dorota Maciejewska
,Monika Kalinowski
,Helena Ostrowski
,Damian Kołodziej
,Urszula Szymański
,Monika Mazurek
,Agnieszka Kwiatkowski
,Jan Kołodziej
,Zdzisław Sobczak
,Urszula Pietrzak
,Paulina Majewska
,Agnieszka Kołodziej
,Maria Laskowska
,Jan Olszewskia
,Marzena Jakubowski
,Andrzej Zając
,Monika Sikora
,Ryszard Kucharski
,Kazimierz Bąk
,Marianna Makowski
,Wojciech Wróbel
,Sławomir Cieślak
,Dawid Szewczyk
,Beata Szewczyk
,Danuta Jaworski
,Magdalena Malinowski
,Elżbieta Walczak
,Dorota Piotrowska
,Edyta Michalska
,Dariusz Witkowska
,Aleksandra Zalewski
,Jarosław Kaźmierczak
,Anna Krajewski
,Artur Wilk
,Dorota Kalinowski
,Aleksandra Grabowski
,Henryk Wojciechowska
,Marian Grabowski
,Wanda Marciniak
,Agnieszka Szczepański
,Artur Król
,Przemysław Brzezińska
,Paulina Nowak
,Katarzyna Nowak
,Agata Jakubowski
,Dorota Kowalska
,Marzena Kamińska
,Marianna Bąk
,Kazimierz Sokołowski
,Urszula Kwiatkowski
,Władysław Zawadzki
,Rafał Król
,Magdalena Kubiak
,Grażyna Grabowski
,Krystyna Szymczak
,Roman Kubiak
,Marta Adamczyk
,Mieczysław Lis
,Renata Zawadzki
,Ewelina Lewandowski
,Alicja Marciniak
,Anna Kaczmarek
,Agnieszka Laskowska
,Bożena Kamiński
,Teresa Dąbrowski
,Jolanta Kołodziej
,Natalia Kucharska
,Jadwiga Kucharska
,Sławomir Krawczyk
,Monika Rutkowska
,Kamil Lewandowski
,Andrzej Wróbel
,Roman Król
,Mateusz Szewczyk
,Michał Król
,Grzegorz Sikora
,Zofia Wieczorek
,Maciej Ostrowska
,Władysław Szewczyk
,Monika Kamiński
,Andrzej Sadowski
,Krzysztof Adamczyk
,Jerzy Kucharski
,Henryk Rutkowska
,Wojciech Kucharski
,Elżbieta Ostrowska
,Irena Jasińska
,Janusz Kaczmarek
,Urszula Kwiatkowska
,Irena Baran
,Paweł Szymański
,Kazimiera Majewska
,Janusz Wróbel
,Jolanta Kaczmarek
,Joanna Woźniak
,Tomasz Głowacka
,Sebastian Olszewski
,Marian Jabłońska
,Halina Mazur
,Michał Jaworska
,Kazimiera Urbańska
,Mateusz Kaźmierczak
,Jarosław Szulc
,Teresa Szewczyk
,Łukasz Michalak
,Bożena Zając
,Daniel Szulc
,Paweł Sikora
,Paweł Pawłowska
,Edward Jankowski
,Kazimiera Laskowski
,Aleksandra Baranowska
,Genowefa Kalinowska
,Monika Cieślak
,Robert Bąk
,Rafał Kalinowski
,Aneta Wróblewski
,Czesław Duda
,Ewa Wojciechowski
,Zbigniew Mazur
,Władysław Mazur
,Marcin Urbańska
,Aneta Sadowska
,Ryszard Majewski
,Mateusz Pietrzak
,Izabela Włodarczyk
,Aleksandra Włodarczyk
,Halina Wysocka
,Renata Sobczak
,Marian Pawlak
,Rafał Chmielewska
,Mirosław Kaźmierczak
,Stefania Mazurek
,Urszula Sadowska
,Jolanta Pawłowska
,Piotr Wróblewska
,Anna Kołodziej
,Adam Sikora
,Krzysztof Ziółkowska
,Dawid Marciniak
,Andrzej Wilk
,Kamil Olszewski
,Wojciech Kozłowski
,Jan Górski
,Justyna Brzeziński
,Dorota Pawlak
,Marcin Głowacki
,Łukasz Ziółkowska
,Karolina Szulc
,Marcin Bąk
,Bożena Andrzejewski
,Przemysław Rutkowska
,Kazimiera Pietrzak
,Sławomir Ziółkowski
,Halina Sobczak
,Edyta Nowicka
,Stanisława Głowacki
,Zdzisław Lewandowski
,Ewelina Jankowski
,Przemysław Szymański
,Krzysztof Nowak
,Małgorzata Marciniak
,Stanisław Witkowski
,Anna Zając
,Mieczysław Majewski
,Janina Majewski
,Krystyna Kołodziej
,Halina Wieczorek
,Ewelina Przybylska
,Rafał Nowak
,Jolanta Szczepański
,Anna Laskowski
,Władysław Głowacki
,Stanisław Adamczyk
,Halina Baranowska
,Marzena Krajewska
,Przemysław Kaźmierczak
,Jacek Jankowski
,Paulina Jaworski
,Józef Gajewska
,Stefania Kucharska
,Mirosław Adamczyk
,Iwona Jabłońska
,Artur Krawczyk
,Agata Kozłowska
,Ewelina Wróbel
,Joanna Mazur
,Marek Nowicki
,Karolina Nowak
,Roman Zakrzewski
,Genowefa Czarnecka
,Zdzisław Przybylska
,Henryk Gajewska
,Waldemar Borkowskia
,Sylwia Czerwiński
,Joanna Maciejewska
,Iwona Mazurek
,Mariusz Głowacka
,Stefania Wilk
,Aneta Wróbel
,Roman Zając
,Zdzisław Górski
,Zdzisław Makowski
,Marian Sadowska
,Marzena Ziółkowska
,Patrycja Walczak
,Bożena Sadowski
,Iwona Tomaszewski
,Marzena Kaźmierczak
,Justyna Pawłowska
,Justyna Szczepański
,Jerzy Kołodziej
,Joanna Nowakowska
,Helena Adamczyk
,Przemysław Mazur
,Mieczysław Maciejewski
,Urszula Jankowski
,Sebastian Dudek
,Maciej Olszewskia
,Wanda Olszewskia
,Anna Szewczyk
,Stefania Kamińska
,Mieczysław Zając
,Wojciech Malinowski
,Tadeusz Kalinowski
,Barbara Pietrzak
,Michał Baran
,Wanda Sawicka
,Magdalena Kubiak
,Maciej Lewandowska
,Łukasz Wysocka
,Ryszard Król
,Robert Górski
,Paulina Szewczyk
,Zbigniew Duda
,Dariusz Mazurek
,Beata Sikorski
,Monika Baran
,Katarzyna Piotrowska
,Kazimiera Adamczyk
,Adam Grabowska
,Genowefa Michalak
,Jakub Wróbel
,Damian Kalinowski
,Łukasz Krajewska
,Wanda Dudek
,Wanda Czarnecka
,Stanisław Zakrzewska
,Agata Kucharski
,Joanna Kucharska
,Henryk Adamczyk
,Dawid Kucharski
,Bożena Lewandowski
,Bożena Wróblewski
,Ewa Kwiatkowska
,Krystyna Sawicki
,Aleksandra Kowalska
,Łukasz Zalewska
,Renata Baran
,Kazimiera Sikorski
,Wanda Bąk
,Adam Makowski
,Stanisław Michalski
,Mirosław Majewska
,Jolanta Baran
,Zdzisław Kamiński
,Roman Górski
,Artur Andrzejewska
,Elżbieta Witkowski
,Wojciech Tomaszewska
,Sylwia Gajewski
,Zdzisław Bąk
,Mariusz Nowicka
,Marian Ziółkowska
,Stanisław Adamski
,Robert Grabowska
,Paweł Chmielewski
,Artur Urbański
,Jadwiga Jasińska
,Edward Zając
,Barbara Nowicka
,Edward Wiśniewski
,Maria Pawłowski
,Aneta Gajewska
,Teresa Kwiatkowska
,Irena Krawczyk
,Kazimiera Michalak
,Robert Wasilewska
,Dariusz Borkowskia
,Anna Górska
,Krystyna Duda
,Czesław Michalski
,Mieczysław Wróbel
,Barbara Przybylski
,Janusz Głowacki
,Józef Andrzejewski
,Damian Włodarczyk
,Alicja Król
,Mieczysław Piotrowski
,Stefania Kowalski
,Ewa Zakrzewski
,Łukasz Andrzejewska
,Dariusz Lis
,Patrycja Stępień
,Sebastian Kubiak
,Janusz Jabłoński
,Genowefa Adamska
,Grażyna Majewska
,Renata Szulc
,Kazimierz Adamski
,Joanna Kaźmierczak
,Damian Szulc
,Grzegorz Krajewski
,Kamil Lewandowska
,Patrycja Zawadzka
,Dorota Lewandowska
,Marcin Nowak
,Edward Czerwiński
,Jakub Olszewski
,Danuta Sawicka
,Patrycja Czerwiński
,Kazimiera Dąbrowska
,Dawid Kubiak
,Monika Makowska
,Joanna Rutkowska
,Jadwiga Zawadzka
,Irena Wróblewski
,Magdalena Szewczyk
,Ewa Pietrzak
,Łukasz Woźniak
,Artur Bąk
,Krzysztof Dąbrowska
,Jarosław Sobczak
,Janusz Kaczmarek
,Mieczysław Urbańska
,Jadwiga Pawłowski
,Małgorzata Marciniak
,Janina Gajewska
,Izabela Cieślak
,Jarosław Ostrowska
,Teresa Kubiak
,Marian Walczak
,Beata Zawadzka
,Wojciech Piotrowska
,Jolanta Kozłowska
,Zofia Wasilewska
,Sebastian Kowalczyk
,Artur Król
,Maria Chmielewski
,Marzena Zawadzka
,Marianna Makowska
,Barbara Marciniak
,Artur Marciniak
,Zbigniew Wilk
,Janina Ziółkowski
,Małgorzata Sikora
,Helena Krawczyk
,Kazimiera Baran
,Władysław Rutkowski
,Małgorzata Piotrowski
,Janina Dąbrowska
,Izabela Baran
,Łukasz Majewski
,Wiesław Wróblewski
,Waldemar Wojciechowski
,Danuta Gajewski
,Czesław Król
,Joanna Król
,Rafał Urbańska
,Beata Szymczak
,Paulina Wróbel
,Rafał Sawicki
,Władysław Malinowski
,Zbigniew Jaworski
,Waldemar Witkowski
,Piotr Baran
,Tomasz Nowak
,Paweł Zakrzewski
,Tomasz Kucharski
,Zbigniew Sobczak
,Adam Lis
,Agata Michalak
,Grzegorz Tomaszewski
,Edward Lewandowska
,Czesław Adamczyk
,Jan Kaczmarek
,Marzena Mazur
,Damian Wróbel
,Leszek Czerwiński
,Magdalena Stępień
,Helena Sokołowska
,Jan Kamiński
,Robert Głowacka
,Katarzyna Jaworska
,Agata Kubiak
,Maria Kozłowska
,Damian Urbańska
,Stefania Laskowski
,Agnieszka Szulc
,Henryk Nowak
,Grażyna Jaworska
,Marzena Majewski
,Urszula Kalinowska
,Dorota Krawczyk
,Damian Zakrzewska
,Paulina Krajewska
,Ewelina Krajewski
,Agnieszka Wieczorek
,Ewa Nowakowska
,Teresa Krajewski
,Mariusz Wróblewski
,Mieczysław Sobczak
,Michał Tomaszewska
,Wojciech Kwiatkowski
,Elżbieta Głowacka
,Jarosław Michalak
,Irena Jankowska
,Zbigniew Sawicki
,Sylwia Nowakowska
,Marian Kozłowski
,Jarosław Jasińska
,Krzysztof Nowakowski
,Mieczysław Laskowska
,Stanisław Walczak
,Janusz Woźniak
,Zdzisław Krajewski
,Wojciech Kaźmierczak
,Patrycja Zakrzewska
,Patrycja Malinowska
,Patrycja Wilk
,Daniel Gajewska
,Katarzyna Kwiatkowska
,Renata Jabłońska
,Tomasz Zalewska
,Tomasz Witkowski
,Dawid Woźniak
,Sylwia Szewczyk
,Irena Lewandowski
,Henryk Wieczorek
,Czesław Sokołowska
,Dawid Lis
,Aneta Witkowska
,Mieczysław Górska
,Anna Sobczak
,Jerzy Szczepańska
,Katarzyna Kubiak
,Władysław Witkowski
,Wiesława Wróblewski
,Robert Baran
,Mirosław Gajewski
,Maciej Sokołowska
,Karolina Brzeziński
,Jacek Piotrowski
,Robert Makowski
,Dawid Malinowski
,Kazimierz Sawicki
,Beata Sobczak
,Zbigniew Wasilewska
,Stefania Nowicka
,Edyta Kaźmierczak
,Sławomir Mazurek
,Daniel Borkowskia
,Maria Nowicka
,Agata Sokołowska
,Renata Wysocka
,Jacek Kucharski
,Kamil Wróblewski
,Agata Brzezińska
,Piotr Szewczyk
,Krystyna Szulc
,Ryszard Głowacki
,Jarosław Borkowski
,Halina Zając
,Ewelina Kowalczyk
,Edyta Borkowski
,Natalia Zawadzka
,Tomasz Laskowska
,Marianna Jabłoński
,Krystyna Kaźmierczak
,Dorota Grabowska
,Krzysztof Zalewska
,Piotr Laskowska
,Mieczysław Kowalczyk
,Jan Grabowska
,Marzena Szymczak
,Ewelina Nowakowski
,Renata Dudek
,Agata Sawicki
,Teresa Walczak
,Jadwiga Tomaszewski
,Alicja Krawczyk
,Maria Górska
,Przemysław Kubiak
,Małgorzata Kowalczyk
,Leszek Szymczak
,Maciej Czerwiński
,Damian Czerwiński
,Ryszard Jasiński
,Marta Michalak
,Mirosław Zalewski
,Wiesław Pietrzak
,Marek Wróblewski
,Marianna Tomaszewski
,Beata Walczak
,Sebastian Dąbrowski
,Piotr Kowalczyk
,Kamil Sokołowska
,Maria Wojciechowski
,Jacek Kubiak
,Maria Szymański
,Andrzej Wilk
,Grzegorz Mazur
,Rafał Jasiński
,Tadeusz Majewska
,Jerzy Cieślak
,Tomasz Baran
,Alicja Mazur
,Kamil Sobczak
,Przemysław Brzeziński
,Henryk Gajewska
,Mateusz Adamski
,Magdalena Urbański
,Danuta Jasińska
,Iwona Duda
,Artur Szczepański
,Roman Baran
,Ewa Wróblewski
,Henryk Michalak
,Łukasz Grabowski
,Edyta Piotrowski
,Andrzej Maciejewski
,Agnieszka Michalak
,Janusz Majewska
,Jarosław Kowalska
,Mirosław Dudek
,Mateusz Sobczak
,Tomasz Kubiak
,Ryszard Kowalski
,Janusz Michalak
,Damian Adamczyk
,Jerzy Zalewska
,Agnieszka Sikorski
,Janusz Król
,Sławomir Nowicki
,Natalia Górski
,Jacek Krajewski
,Zdzisław Wieczorek
,Izabela Olszewskia
,Jan Szulc
,Dorota Woźniak
,Tomasz Olszewskia
,Sylwia Zakrzewska
,Jakub Górska
,Stefania Andrzejewski
,Dawid Cieślak
,Teresa Mazur
,Jacek Maciejewska
,Janusz Kamiński
,Ewa Tomaszewski
,Janina Witkowska
,Anna Ostrowski
,Urszula Wasilewska
,Dorota Wilk
,Mirosław Kaczmarek
,Ryszard Woźniak
,Edward Zając
,Dariusz Cieślak
,Marcin Kowalska
,Krzysztof Jaworski
,Jolanta Makowski
,Paulina Michalak
,Paulina Baran
,Agata Wysocka
,Grażyna Górski
,Rafał Czarnecka
,Kamil Adamski
,Wojciech Kowalski
,Andrzej Adamczyk
,Maria Zalewski
,Roman Ziółkowski
,Paweł Pawlak
,Marzena Malinowski
,Mieczysław Pietrzak
,Aneta Borkowski
,Kazimiera Jabłońska
,Ryszard Wasilewska
,Marcin Kowalczyk
,Edyta Szymczak
,Ewa Wójcik
,Helena Sikora
,Ryszard Baran
,Agata Malinowski
,Tadeusz Kaźmierczak
,Sebastian Wróblewski
,Krzysztof Kowalczyk
,Beata Cieślak
,Irena Pawłowski
,Czesław Grabowski
,Rafał Wojciechowski
,Patrycja Olszewski
,Marta Szymański
,Daniel Kubiak
,Aleksandra Olszewskia
,Mariusz Włodarczyk
,Stanisław Sadowski
,Agata Kaźmierczak
,Aneta Szulc
,Krystyna Wieczorek
,Robert Krajewska
,Ewa Borkowski
,Henryk Malinowska
,Agnieszka Szczepański
,Marian Rutkowska
,Damian Tomaszewska
,Andrzej Szymczak
,Agnieszka Nowak
,Paulina Wysocki
,Teresa Michalska
,Władysław Sikorski
,Kazimierz Sawicki
,Edward Olszewskia
,Józef Sawicka
,Anna Krajewski
,Kazimiera Głowacki
,Justyna Bąk
,Izabela Nowak
,Patrycja Pawłowska
,Mirosław Szewczyk
,Marian Sokołowski
,Tadeusz Bąk
,Wiesława Wilk
,Natalia Lis
,Stanisława Szulc
,Józef Jasińska
,Marcin Wilk
,Paulina Cieślak
,Ryszard Michalski
,Leszek Sikora
,Marek Andrzejewska
,Zdzisław Górska
,Marianna Szewczyk
,Ewa Wójcik
,Zdzisław Baranowska
,Izabela Tomaszewski
,Krystyna Wasilewska
,Józef Lis
,Danuta Kowalski
,Krzysztof Marciniak
,Natalia Jakubowska
,Jolanta Woźniak
,Leszek Mazurek
,Marcin Sokołowska
,Jarosław Dąbrowska
,Mateusz Sokołowski
,Leszek Wróbel
,Beata Lis
,Barbara Sobczak
,Przemysław Ostrowska
,Paulina Nowak
,Paweł Pawlak
,Sebastian Cieślak
,Grażyna Kucharska
,Teresa Krawczyk
,Patrycja Szulc
,Kazimiera Adamska
,Edyta Kubiak
,Janusz Grabowska
,Małgorzata Ostrowski
,Rafał Szewczyk
,Jacek Adamczyk
,Paweł Tomaszewska
,Jakub Jabłońska
,Sebastian Sawicka
,Marcin Zakrzewska
,Natalia Woźniak
,Roman Wróblewski
,Maciej Kalinowska
,Jakub Laskowski
,Danuta Sawicki
,Ryszard Pawlak
,Przemysław Krawczyk
,Stefania Szymczak
,Magdalena Malinowski
,Kamil Andrzejewska
,Iwona Pawłowski
,Karolina Adamski
,Marek Walczak
,Sławomir Stępień
,Zdzisław Mazurek
,Zofia Włodarczyk
,Urszula Wiśniewski
,Tomasz Tomaszewski
,Zofia Pawlak
,Iwona Krajewska
,Janusz Nowak
,Stefania Wróbel
,Robert Zakrzewski
,Paweł Woźniak
,Mariusz Wieczorek
,Henryk Jasińska
,Marzena Rutkowski
,Krystyna Michalak
,Piotr Sokołowski
,Aleksandra Ziółkowski
,Janusz Kowalski
,Natalia Głowacka
,Alicja Czarnecka
,Artur Rutkowski
,Rafał Adamczyk
,Władysław Zalewska
,Władysław Bąk
,Ryszard Czarnecki
,Ewelina Witkowski
,Iwona Tomaszewski
,Artur Kaźmierczak
,Danuta Brzezińska
,Michał Kowalczyk
,Halina Szymczak
,Waldemar Kowalska
,Aneta Rutkowski
,Łukasz Kucharski
,Jacek Tomaszewski
,Daniel Tomaszewska
,Zbigniew Baranowski
,Tadeusz Przybylski
,Adam Duda
,Stefania Nowakowska
,Zbigniew Zalewski
,Aneta Baran
,Damian Olszewski
,Anna Baran
,Tadeusz Baran
,Kazimiera Brzeziński
,Jadwiga Piotrowski
,Sebastian Kaczmarek
,Genowefa Zawadzka
,Janusz Jasińska
,Zdzisław Wiśniewski
,Halina Szewczyk
,Grażyna Jaworski
,Jarosław Michalska
,Artur Borkowskia
,Michał Lis
,Piotr Woźniak
,Bożena Laskowska
,Halina Adamczyk
,Sławomir Szymańska
,Kazimiera Jasińska
,Barbara Tomaszewska
,Jarosław Sikora
,Artur Głowacka
,Ryszard Wróbel
,Janina Duda
,Krystyna Kowalski
,Jerzy Mazurek
,Henryk Wilk
,Bożena Wiśniewska
,Daniel Zakrzewski
,Alicja Maciejewski
,Ryszard Rutkowska
,Barbara Szewczyk
,Barbara Wilk
,Rafał Olszewski
,Marian Maciejewski
,Irena Adamska
,Agata Mazur
,Leszek Borkowski
,Sylwia Czarnecki
,Damian Zieliński
,Danuta Wróblewska
,Jolanta Lewandowska
,Helena Sadowski
,Joanna Zając
,Sylwia Tomaszewski
,Bożena Kołodziej
,Maciej Zakrzewski
,Sebastian Borkowski
,Marianna Pawlak
,Janina Baran
,Stanisław Król
,Beata Urbańska
,Patrycja Laskowska
,Jadwiga Rutkowska
,Monika Grabowska
,Agnieszka Borkowskia
,Wojciech Wieczorek
,Henryk Wojciechowski
,Edyta Zawadzka
,Helena Sikora
,Jadwiga Makowski
,Marek Lewandowska
,Karolina Adamski
,Kazimierz Cieślak
,Agnieszka Szulc
,Wiesława Ziółkowski
,Tomasz Duda
,Sylwia Pietrzak
,Wanda Wasilewska
,Marian Urbański
,Jolanta Stępień
,Jacek Laskowska
,Helena Wieczorek
,Monika Dudek
,Agata Sawicka
,Kazimiera Mazurek
,Czesław Szewczyk
,Adam Stępień
,Wiesław Walczak
,Waldemar Majewska
,Grażyna Jankowska
,Maciej Pawlak
,Joanna Przybylski
,Waldemar Szymczak
,Damian Wróbel
,Stanisław Gajewska
,Paulina Marciniak
,Aleksandra Wasilewska
,Kazimierz Rutkowska
,Barbara Czarnecka
,Piotr Olszewski
,Urszula Makowska
,Tomasz Dudek
,Władysław Walczak
,Aleksandra Zawadzki
,Monika Zielińska
,Roman Górska
,Damian Rutkowska
,Marianna Lis
,Barbara Sikora
,Aleksandra Nowakowski
,Marta Andrzejewski
,Sebastian Mazur
,Aleksandra Wilk
,Agnieszka Olszewskia
,Piotr Lis
,Stanisław Ziółkowski
,Anna Pietrzak
,Ewelina Baranowska
,Władysław Urbańska
,Artur Sawicka
,Adam Pawlak
,Agnieszka Ziółkowska
,Ewelina Wróbel
,Monika Nowakowska
,Michał Jankowska
,Wanda Zalewska
,Katarzyna Ziółkowski
,Marian Przybylska
,Marianna Jabłoński
,Magdalena Brzeziński
,Kamil Wasilewska
,Tomasz Król
,Piotr Szymczak
,Zbigniew Zawadzka
,Teresa Marciniak
,Anna Duda
,Danuta Chmielewska
,Daniel Woźniak
,Jarosław Marciniak
,Andrzej Sokołowski
,Robert Szymańska
,Paulina Kaczmarek
,Henryk Jasiński
,Jolanta Pawlak
,Marianna Kubiak
,Sebastian Czerwiński
,Monika Szczepański
,Stefania Przybylski
,Mieczysław Zawadzka
,Małgorzata Wiśniewska
,Wanda Wróblewska
,Wiesława Wojciechowski
,Edward Górski
,Ewelina Wróblewski
,Monika Szymczak
,Sławomir Kaźmierczak
,Danuta Walczak
,Zdzisław Czarnecki
,Waldemar Baran
,Zbigniew Zalewska
,Jacek Cieślak
,Kamil Krajewski
,Krystyna Maciejewska
,Edyta Wysocka
,Aleksandra Makowski
,Jerzy Piotrowski
,Genowefa Sikorski
,Urszula Szewczyk
,Krystyna Baranowska
,Grzegorz Gajewska
,Helena Kowalczyk
,Ewelina Krajewski
,Piotr Zakrzewska
,Dorota Ostrowska
,Edyta Marciniak
,Jolanta Wróbel
,Andrzej Kwiatkowska
,Magdalena Adamska
,Marian Wróbel
,Maciej Stępień
,Małgorzata Sobczak
,Paulina Szymański
,Jerzy Adamski
,Aleksandra Nowakowska
,Mieczysław Szczepańska
,Jan Laskowska
,Andrzej Wasilewski
,Sylwia Marciniak
,Marek Walczak
,Beata Zawadzki
,Piotr Wojciechowski
,Tadeusz Szymański
,Bożena Kowalczyk
,Wanda Adamczyk
,Tadeusz Król
,Krzysztof Nowak
,Jarosław Kołodziej
,Urszula Szewczyk
,Sławomir Majewski
,Wiesław Jabłońska
,Bożena Kozłowski
,Monika Kozłowska
,Stefania Przybylski
,Agnieszka Mazur
,Roman Szulc
,Jacek Baranowska
,Monika Ostrowski
,Irena Walczak
,Ewelina Baran
,Jadwiga Zielińska
,Daniel Baran
,Aneta Grabowski
,Wiesław Pietrzak
,Andrzej Adamski
,Sylwia Borkowski
,Zdzisław Nowakowski
,Tomasz Woźniak
,Karolina Baran
,Urszula Sikorska
,Renata Jaworska
,Joanna Kwiatkowska
,Janusz Duda
,Małgorzata Kowalska
,Janusz Mazurek
,Marek Urbańska
,Edyta Pietrzak
,Wanda Ziółkowski
,Łukasz Malinowski
,Jolanta Dąbrowski
,Jacek Adamska
,Marcin Szewczyk
,Artur Wróblewska
,Agnieszka Wróblewski
,Bożena Wysocka
,Przemysław Jabłońska
,Anna Zawadzki
,Czesław Grabowski
,Iwona Wieczorek
,Bożena Pawlak
,Jarosław Borkowski
,Józef Krawczyk
,Aneta Lis
,Anna Piotrowska
,Wiesława Szczepański
,Elżbieta Andrzejewski
,Dawid Kołodziej
,Maria Kaczmarek
,Władysław Sadowska
,Monika Borkowski
,Beata Duda
,Beata Nowicki
,Mirosław Wiśniewska
,Genowefa Majewski
,Ewelina Ostrowski
,Adam Lis
,Stefania Duda
,Mariusz Baranowski
,Jan Kozłowska
,Tomasz Mazur
,Patrycja Mazur
,Tadeusz Wróblewska
,Tomasz Kowalska
,Izabela Król
,Dawid Woźniak
,Michał Sokołowska
,Agata Pietrzak
,Janusz Sawicka
,Halina Maciejewska
,Jakub Kowalczyk
,Łukasz Stępień
,Artur Wiśniewski
,Katarzyna Ziółkowski
,Mieczysław Kołodziej
,Henryk Piotrowski
,Edyta Kozłowski
,Katarzyna Kucharski
,Ryszard Adamska
,Marek Jasiński
,Elżbieta Przybylski
,Damian Wróbel
,Wiesław Przybylski
,Przemysław Lis
,Renata Jabłoński
,Leszek Walczak
,Patrycja Szewczyk
,Teresa Cieślak
,Jadwiga Nowicka
,Wanda Kamińska
,Jerzy Mazur
,Ewa Pawłowski
,Henryk Kwiatkowska
,Waldemar Kalinowski
,Katarzyna Zalewska
,Jarosław Kucharska
,Teresa Nowicki
,Jerzy Grabowski
,Kazimiera Szulc
,Renata Sadowska
,Iwona Wróbel
,Andrzej Sawicka
,Ewa Andrzejewski
,Helena Adamska
,Przemysław Jabłoński
,Joanna Czerwińska
,Helena Dudek
,Sebastian Kucharska
,Maria Majewska
,Marzena Duda
,Marek Nowakowska
,Irena Sokołowska
,Grażyna Szymańska
,Ewa Walczak
,Agata Wójcik
,Adam Kozłowski
,Daniel Wilk
,Grzegorz Wójcik
,Mateusz Malinowska
,Maciej Woźniak
,Mieczysław Ziółkowska
,Maciej Dąbrowski
,Piotr Bąk
,Wanda Baranowski
,Łukasz Sobczak
,Władysław Sikora
,Janina Baran
,Ewa Adamczyk
,Bożena Brzezińska
,Jerzy Lewandowski
,Wiesław Przybylska
,Ryszard Kwiatkowska
,Renata Pawlak
,Natalia Woźniak
,Irena Witkowski
,Aneta Jabłoński
,Wanda Kwiatkowska
,Barbara Wojciechowska
,Danuta Makowski
,Mieczysław Kaczmarek
,Krystyna Laskowski
,Natalia Michalska
,Stefania Wiśniewska
,Małgorzata Kamińska
,Jolanta Tomaszewska
,Damian Szymański
,Agnieszka Piotrowski
,Paulina Wróbel
,Helena Czarnecka
,Dorota Wieczorek
,Stefania Sawicki
,Jakub Jakubowska
,Mateusz Walczak
,Helena Borkowskia
,Paulina Głowacka
,Helena Ostrowska
,Irena Mazur
,Piotr Michalski
,Janusz Malinowska
,Przemysław Nowicki
,Michał Borkowskia
,Andrzej Ostrowski
,Jadwiga Nowakowska
,Mirosław Czarnecki
,Tadeusz Urbański
,Kazimiera Król
,Edward Dąbrowski
,Wojciech Król
,Artur Ostrowski
,Anna Kalinowska
,Władysław Wiśniewski
,Stefania Wysocki
,Zdzisław Sokołowska
,Elżbieta Kucharski
,Henryk Wójcik
,Barbara Przybylska
,Kazimiera Tomaszewska
,Katarzyna Król
,Mateusz Zieliński
,Kazimiera Kubiak
,Renata Ziółkowski
,Aleksandra Kaźmierczak
,Wojciech Zakrzewski
,Piotr Michalski
,Sławomir Gajewska
,Beata Jabłońska
,Robert Brzeziński
,Jakub Michalska
,Bożena Pietrzak
,Genowefa Wieczorek
,Ewelina Wiśniewska
,Jan Kucharski
,Sebastian Kowalski
,Bożena Szewczyk
,Joanna Czarnecki
,Wojciech Urbański
,Mateusz Jaworski
,Renata Szymańska
,Grzegorz Zalewska
,Józef Kozłowski
,Czesław Walczak
,Józef Jakubowski
,Rafał Wysocki
,Ewa Szczepańska
,Alicja Pietrzak
,Mirosław Adamska
,Tomasz Borkowski
,Tomasz Maciejewski
,Władysław Wilk
,Krystyna Stępień
,Jolanta Baran
,Kazimierz Majewska
,Wanda Czerwińska
,Zofia Szczepański
,Małgorzata Szczepańska
,Agnieszka Szczepański
,Janusz Borkowskia
,Janina Woźniak
,Wanda Kowalski
,Iwona Zieliński
,Andrzej Bąk
,Jan Sikorska
,Stefania Zawadzki
,Przemysław Marciniak
,Jarosław Mazur
,Małgorzata Pietrzak
,Teresa Majewska
,Magdalena Pawlak
,Mirosław Kwiatkowska
,Andrzej Gajewska
,Stanisława Stępień
,Barbara Wilk
,Ewa Górski
,Marcin Nowicki
,Joanna Makowski
,Irena Kalinowski
,Wiesława Krawczyk
,Stanisław Jakubowski
,Zofia Sikora
,Sylwia Laskowski
,Wiesław Zając
,Helena Zakrzewska
,Józef Wójcik
,Marzena Przybylski
,Jarosław Jankowski
,Czesław Zawadzki
,Janusz Pietrzak
,Mateusz Zakrzewski
,Dawid Wójcik
,Adam Borkowski
,Mirosław Maciejewska
,Helena Urbańska
,Mateusz Pawłowska
,Stanisława Wasilewski
,Tadeusz Brzeziński
,Joanna Rutkowski
,Jan Maciejewski
,Mieczysław Duda
,Sebastian Sadowski
,Zdzisław Wójcik
,Marianna Kowalski
,Karolina Grabowski
,Krystyna Wilk
,Damian Kubiak
,Irena Andrzejewski
,Stanisława Michalak
,Marian Michalska
,Jacek Jabłoński
,Tadeusz Borkowski
,Henryk Cieślak
,Józef Kozłowski
,Edward Sikorska
,Karolina Stępień
,Agata Kaźmierczak
,Marianna Wójcik
,Justyna Włodarczyk
,Joanna Urbańska
,Magdalena Wilk
,Łukasz Jabłońska
,Natalia Krawczyk
,Zofia Krawczyk
,Mariusz Piotrowski
,Mirosław Urbańska
,Marian Laskowski
,Mateusz Maciejewska
,Alicja Brzeziński
,Roman Król
,Adam Olszewskia
,Jarosław Krajewski
,Anna Marciniak
,Mateusz Laskowska
,Czesław Krawczyk
,Karolina Kamińska
,Irena Brzeziński
,Anna Nowicka
,Łukasz Jabłońska
,Irena Duda
,Natalia Kucharski
,Barbara Wilk
,Jarosław Ziółkowska
,Helena Wieczorek
,Łukasz Gajewski
,Alicja Majewski
,Kamil Wasilewski
,Małgorzata Baran
,Małgorzata Ostrowski
,Grzegorz Grabowska
,Aneta Kozłowska
,Mateusz Zakrzewska
,Patrycja Przybylska
,Zbigniew Ziółkowska
,Roman Kaczmarek
,Daniel Zielińska
,Sławomir Lis
,Teresa Jasińska
,Agnieszka Maciejewski
,Daniel Marciniak
,Józef Wieczorek
,Jerzy Czarnecka
,Józef Krajewski
,Łukasz Gajewska
,Agata Mazur
,Edyta Wasilewski
,Stefania Majewska
,Urszula Walczak
,Ryszard Laskowska
,Marianna Pawlak
,Zdzisław Pawlak
,Alicja Duda
,Marian Kowalczyk
,Bożena Sikora
,Rafał Wysocki
,Stefania Kubiak
,Józef Krajewska
,Mateusz Kwiatkowska
,Irena Szewczyk
,Jakub Nowakowska
,Kazimierz Pawłowska
,Stanisława Baran
,Daniel Sadowska
,Dorota Zakrzewski
,Damian Czarnecka
,Teresa Laskowski
,Renata Górska
,Wiesław Szewczyk
,Wojciech Borkowski
,Stefania Kaźmierczak
,Magdalena Gajewska
,Adam Szewczyk
,Joanna Sikorska
,Natalia Chmielewski
,Henryk Gajewska
,Joanna Jaworski
,Łukasz Andrzejewski
,Zbigniew Pawlak
,Ryszard Pawlak
,Zbigniew Szymczak
,Renata Głowacka
,Paweł Jasińska
,Rafał Sobczak
,Leszek Krawczyk
,Bożena Dąbrowski
,Jadwiga Zakrzewski
,Sylwia Pietrzak
,Justyna Pietrzak
,Zofia Grabowska
,Halina Maciejewski
,Marcin Cieślak
,Marzena Kozłowski
,Ewa Jaworski
,Mateusz Piotrowski
,Daniel Nowicki
,Rafał Michalska
,Ryszard Jaworska
,Alicja Zając
,Patrycja Pawlak
,Daniel Sawicka
,Czesław Krajewski
,Anna Zając
,Piotr Kamińska
,Grzegorz Piotrowska
,Mieczysław Kucharska
,Dariusz Bąk
,Patrycja Walczak
,Halina Zakrzewska
,Mirosław Malinowska
,Damian Jaworski
,Czesław Włodarczyk
,Roman Kozłowski
,Grzegorz Urbański
,Ewa Czerwiński
,Paulina Wasilewski
,Izabela Jasiński
,Justyna Wiśniewska
,Ryszard Kaczmarek
,Jerzy Tomaszewska
,Andrzej Mazurek
,Leszek Nowakowska
,Edward Kowalski
,Monika Woźniak
,Jadwiga Sokołowski
,Jacek Makowska
,Edward Kubiak
,Karolina Sobczak
,Stanisława Stępień
,Agnieszka Dudek
,Wiesław Michalska
,Krzysztof Pawłowska
,Krystyna Król
,Agata Woźniak
,Marian Wróblewska
,Jolanta Urbański
,Elżbieta Wróbel
,Justyna Rutkowski
,Halina Wasilewski
,Piotr Rutkowska
,Wanda Stępień
,Marcin Dąbrowski
,Robert Dudek
,Tomasz Dąbrowski
,Krystyna Chmielewska
,Justyna Majewska
,Mieczysław Wilk
,Aneta Kubiak
,Henryk Jaworska
,Irena Król
,Patrycja Czerwiński
,Jan Duda
,Mateusz Szczepańska
,Ewelina Wilk
,Małgorzata Kwiatkowski
,Jacek Wójcik
,Ryszard Król
,Katarzyna Kołodziej
,Justyna Brzezińska
,Ewelina Sawicki
,Joanna Kozłowski
,Leszek Wojciechowska
,Kamil Kwiatkowski
,Andrzej Czerwiński
,Roman Dudek
,Paweł Majewska
,Sebastian Jakubowska
,Jerzy Ziółkowski
,Leszek Wojciechowski
,Zdzisław Sokołowski
,Sebastian Gajewski
,Kamil Chmielewska
,Kazimiera Kaczmarek
,Jakub Kamińska
,Zbigniew Lis
,Wojciech Mazurek
,Stanisława Nowicki
,Magdalena Dudek
,Iwona Malinowski
,Genowefa Krawczyk
,Edyta Szulc
,Przemysław Wasilewska
,Joanna Bąk
,Daniel Kaźmierczak
,Kazimierz Sawicki
,Jakub Wróbel
,Irena Michalska
,Marzena Borkowskia
,Beata Kowalczyk
,Władysław Szymczak
,Waldemar Laskowski
,Marcin Zawadzka
,Ewelina Nowakowski
,Dorota Sokołowski
,Krystyna Nowakowska
,Wojciech Wróbel
,Stanisława Sokołowski
,Teresa Majewska
,Urszula Ziółkowski
,Stefania Wróblewski
,Władysław Borkowski
,Justyna Mazur
,Ewa Pawłowska
,Marta Kowalski
,Kazimierz Wojciechowski
,Zbigniew Mazur
,Helena Pawlak
,Małgorzata Kubiak
,Andrzej Sikorska
,Teresa Olszewskia
,Andrzej Sikora
,Marianna Baranowski
,Stefania Sokołowska
,Kamil Lis
,Józef Kozłowski
,Patrycja Maciejewska
,Wiesława Nowak
,Łukasz Lis
,Agata Kaźmierczak
,Renata Nowicka
,Rafał Urbańska
,Marian Głowacka
,Jerzy Kozłowski
,Dorota Kowalski
,Leszek Adamczyk
,Elżbieta Krawczyk
,Jacek Chmielewska
,Henryk Szymczak
,Marek Lis
,Bożena Kaczmarek
,Stanisława Pawlak
,Robert Szulc
,Grzegorz Kaczmarek
,Daniel Szulc
,Jacek Kaźmierczak
,Teresa Jakubowska
,Marek Krajewska
,Paulina Lis
,Tomasz Szymczak
,Krzysztof Jakubowska
,Andrzej Bąk
,Irena Włodarczyk
,Władysław Szymczak
,Kazimiera Sadowska
,Jerzy Bąk
,Przemysław Pietrzak
,Wojciech Duda
,Helena Wasilewska
,Paweł Lewandowska
,Natalia Kowalska
,Beata Dąbrowska
,Małgorzata Tomaszewska
,Alicja Kucharski
,Damian Duda
,Mieczysław Kaczmarek
,Jolanta Wysocka
,Marta Mazurek
,Krzysztof Wilk
,Barbara Duda
,Andrzej Czerwińska
,Marian Kowalczyk
,Tadeusz Makowski
,Daniel Kwiatkowski
,Beata Kowalska
,Stefania Pawłowski
,Stefania Adamski
,Piotr Zając
,Kamil Maciejewski
,Władysław Zawadzka
,Adam Jasińska
,Magdalena Nowakowska
,Wanda Zając
,Mirosław Szulc
,Renata Szulc
,Jolanta Zając
,Michał Kucharska
,Helena Kucharska
,Maciej Szulc
,Patrycja Jakubowski
,Magdalena Szymczak
,Patrycja Pawlak
,Adam Sikora
,Stanisława Baranowski
,Sebastian Jankowski
,Czesław Czarnecki
,Justyna Kaźmierczak
,Tomasz Przybylska
,Wojciech Król
,Grażyna Jabłońska
,Daniel Mazur
,Helena Grabowska
,Adam Czarnecki
,Mateusz Rutkowski
,Jadwiga Wójcik
,Jadwiga Jasiński
,Sylwia Jabłoński
,Stanisława Adamczyk
,Waldemar Dąbrowska
,Leszek Wilk
,Rafał Krajewska
,Paulina Ostrowska
,Natalia Nowakowska
,Łukasz Dąbrowski
,Jacek Zając
,Mirosław Michalska
,Zbigniew Kowalska
,Tomasz Kołodziej
,Michał Pietrzak
,Mirosław Kamiński
,Krzysztof Walczak
,Jerzy Woźniak
,Renata Kaźmierczak
,Marcin Wojciechowski
,Leszek Nowicka
,Mieczysław Sobczak
,Stanisława Rutkowski
,Roman Borkowskia
,Robert Tomaszewski
,Grzegorz Kwiatkowski
,Ryszard Górski
,Stanisława Witkowski
,Jolanta Szymczak
,Przemysław Król
,Marek Baran
,Mirosław Wróbel
,Wiesława Dudek
,Genowefa Zalewski
,Henryk Kołodziej
,Wanda Chmielewska
,Łukasz Wieczorek
,Marzena Baran
,Sławomir Wójcik
,Dariusz Kozłowska
,Edyta Wiśniewska
,Halina Witkowski
,Paulina Pawlak
,Mateusz Kaczmarek
,Renata Nowakowska
,Grzegorz Cieślak
,Grzegorz Mazur
,Zbigniew Sadowski
,Janusz Zawadzka
,Wiesław Grabowska
,Alicja Jabłoński
,Ewelina Brzezińska
,Robert Zając
,Janusz Jasiński
,Justyna Wójcik
,Genowefa Krawczyk
,Marcin Baranowska
,Ryszard Witkowska
,Leszek Czerwińska
,Roman Głowacki
,Czesław Sadowska
,Dawid Krajewska
,Joanna Kaczmarek
,Maria Górska
,Alicja Maciejewska
,Katarzyna Czerwińska
,Jadwiga Górski
,Wanda Dudek
,Janina Pietrzak
,Patrycja Wysocka
,Kazimierz Dudek
,Mateusz Zawadzki
,Joanna Baran
,Mirosław Wysocka
,Jadwiga Chmielewska
,Iwona Zając
,Adam Krawczyk
,Jan Mazurek
,Wanda Sikora
,Mariusz Jakubowska
,Paulina Wiśniewski
,Mateusz Szymczak
,Sebastian Ziółkowski
,Aneta Olszewskia
,Renata Włodarczyk
,Jarosław Adamski
,Edward Urbański
,Stefania Wilk
,Sebastian Kwiatkowska
,Roman Lis
,Mateusz Jankowski
,Rafał Kalinowska
,Marta Laskowska
,Aneta Sikora
,Ewelina Szymański
,Mirosław Zakrzewska
,Elżbieta Maciejewski
,Henryk Rutkowski
,Dorota Kozłowski
,Elżbieta Laskowski
,Jakub Walczak
,Michał Mazurek
,Marian Kaczmarek
,Renata Sawicka
,Krystyna Wójcik
,Józef Walczak
,Iwona Makowski
,Marek Wysocka
,Elżbieta Kozłowska
,Natalia Kamiński
,Artur Zieliński
,Paulina Wróbel
,Sebastian Rutkowska
,Edward Kucharska
,Wanda Gajewska
,Kazimiera Ziółkowska
,Zofia Jabłoński
,Wiesława Mazur
,Renata Przybylska
,Maciej Czerwiński
,Waldemar Wilk
,Robert Sobczak
,Stefania Kaczmarek
,Wiesława Sobczak
,Alicja Szczepański
,Ryszard Czerwiński
,Aleksandra Zalewska
,Magdalena Kowalczyk
,Krystyna Woźniak
,Dariusz Lis
,Genowefa Wieczorek
,Kazimiera Zawadzka
,Genowefa Czerwińska
,Łukasz Kwiatkowska
,Władysław Kołodziej
,Helena Jankowska
,Henryk Chmielewska
,Wojciech Dudek
,Mieczysław Kubiak
,Helena Kaczmarek
,Maria Sokołowski
,Marta Tomaszewska
,Jerzy Kowalczyk
,Robert Olszewski
,Janina Michalska
,Wanda Maciejewska
,Artur Grabowski
,Ryszard Marciniak
,Józef Majewska
,Grażyna Piotrowska
,Dawid Włodarczyk
,Krzysztof Witkowski
,Kazimierz Wróblewski
,Renata Urbański
,Paulina Szewczyk
,Michał Kalinowska
,Przemysław Szymczak
,Maciej Bąk
,Iwona Sadowski
,Wanda Kamińska
,Maria Borkowski
,Katarzyna Brzezińska
,Bożena Olszewski
,Kazimiera Kubiak
,Wanda Stępień
,Andrzej Lewandowski
,Mateusz Michalska
,Wojciech Malinowska
,Marta Kucharski
,Sławomir Dąbrowska
,Kamil Lewandowski
,Renata Kozłowski
,Magdalena Malinowska
,Wiesława Górska
,Monika Czarnecka
,Władysław Zakrzewski
,Urszula Zawadzki
,Janusz Malinowska
,Agata Kwiatkowska
,Marian Kaczmarek
,Krystyna Urbańska
,Mateusz Kołodziej
,Janusz Baranowska
,Natalia Makowski
,Krystyna Szczepański
,Tomasz Piotrowska
,Stefania Mazur
,Dariusz Pietrzak
,Ewelina Walczak
,Jolanta Włodarczyk
,Zbigniew Majewski
,Krzysztof Michalska
,Damian Wróblewska
,Kamil Sokołowski
,Aneta Czerwińska
,Agata Sikorska
,Dariusz Sadowska
,Czesław Urbańska
,Izabela Gajewska
,Marta Zając
,Roman Sadowski
,Paweł Wysocki
,Katarzyna Kowalska
,Agnieszka Szymczak
,Mateusz Maciejewska
,Izabela Stępień
,Leszek Malinowski
,Agnieszka Szymczak
,Magdalena Przybylska
,Zofia Wiśniewska
,Władysław Grabowski
,Przemysław Wasilewski
,Krystyna Lewandowska
,Dawid Wieczorek
,Jerzy Makowski
,Jerzy Szczepański
,Alicja Włodarczyk
,Joanna Wróblewska
,Leszek Sikora
,Małgorzata Wiśniewski
,Joanna Czarnecka
,Alicja Wójcik
,Natalia Wiśniewski
,Bożena Mazur
,Karolina Kalinowski
,Patrycja Kowalczyk
,Wanda Piotrowska
,Waldemar Wasilewski
,Jarosław Górski
,Sebastian Laskowska
,Przemysław Maciejewska
,Wanda Król
,Sebastian Michalak
,Dariusz Zieliński
,Jerzy Olszewskia
,Stanisław Kubiak
,Genowefa Dąbrowska
,Marian Andrzejewski
,Leszek Jasińska
,Agnieszka Pawlak
,Urszula Szewczyk
,Michał Zalewski
,Urszula Brzeziński
,Urszula Piotrowska
,Damian Jasińska
,Artur Pawłowski
,Kazimiera Malinowski
,Leszek Urbańska
,Zbigniew Adamczyk
,Monika Jakubowska
,Władysław Nowakowska
,Zdzisław Kowalski
,Józef Wróblewski
,Dorota Brzeziński
,Mateusz Andrzejewski
,Michał Brzezińska
,Jadwiga Jabłońska
,Irena Pawlak
,Stefania Kalinowski
,Marian Woźniak
,Helena Lewandowski
,Edyta Szymczak
,Alicja Andrzejewski
,Janusz Wysocka
,Zofia Przybylski
,Michał Włodarczyk
,Kazimiera Wysocka
,Irena Czarnecka
,Zdzisław Nowicki
,Marek Urbańska
,Tadeusz Lis
,Marek Nowicki
,Artur Czerwińska
,Danuta Sikorski
,Janina Wieczorek
,Jacek Andrzejewska
,Paweł Jabłoński
,Danuta Szczepański
,Kazimierz Jabłońska
,Stefania Kaźmierczak
,Katarzyna Marciniak
,Artur Kwiatkowski
,Natalia Kamiński
,Urszula Ostrowska
,Anna Górski
,Edyta Chmielewski
,Kamil Sikorska
,Helena Zawadzka
,Mariusz Michalska
,Genowefa Walczak
,Grzegorz Kwiatkowska
,Paulina Król
,Dorota Wysocki
,Rafał Sikorska
,Andrzej Adamska
,Jolanta Michalak
,Stanisława Andrzejewska
,Jan Ostrowska
,Jan Andrzejewski
,Halina Szewczyk
,Wiesława Maciejewski
,Mateusz Witkowska
,Edyta Wójcik
,Roman Mazurek
,Maria Ziółkowski
,Józef Tomaszewski
,Władysław Chmielewska
,Elżbieta Bąk
,Mieczysław Król
,Małgorzata Mazurek
,Mirosław Gajewska
,Ryszard Zalewska
,Andrzej Michalska
,Krystyna Kozłowska
,Justyna Borkowskia
,Andrzej Pawlak
,Wiesława Sadowski
,Adam Piotrowski
,Aneta Lewandowska
,Dariusz Sadowska
,Sebastian Piotrowski
,Dawid Nowak
,Dawid Stępień
,Edward Piotrowski
,Roman Sikorska
,Ewelina Zakrzewski
,Władysław Szczepańska
,Mirosław Andrzejewski
,Beata Wiśniewska
,Waldemar Jasińska
,Monika Lewandowska
,Tomasz Zakrzewska
,Maciej Duda
,Józef Przybylski
,Patrycja Bąk
,Halina Tomaszewska
,Marianna Urbańska
,Mieczysław Górski
,Urszula Majewski
,Jolanta Grabowska
,Mirosław Jabłoński
,Monika Walczak
,Jadwiga Nowak
,Piotr Pawlak
,Teresa Brzezińska
,Genowefa Jasiński
,Genowefa Tomaszewska
,Zdzisław Dudek
,Jacek Ostrowska
,Józef Sadowski
,Marcin Baran
,Leszek Kozłowska
,Władysław Majewski
,Paulina Wróbel
,Beata Dąbrowska
,Jakub Gajewski
,Wanda Głowacki
,Genowefa Szymańska
,Jolanta Kamiński
,Janina Kaczmarek
,Wanda Chmielewska
,Alicja Mazurek
,Edward Lis
,Grzegorz Kaczmarek
,Artur Adamski
,Helena Stępień
,Waldemar Zawadzki
,Karolina Mazur
,Dorota Kozłowska
,Paulina Witkowska
,Halina Włodarczyk
,Wojciech Brzeziński
,Mariusz Adamski
,Łukasz Wieczorek
,Leszek Pawlak
,Kamil Mazur
,Artur Zakrzewski
,Daniel Kowalski
,Sylwia Zalewski
,Irena Michalak
,Marian Szymczak
,Tomasz Czarnecki
,Kamil Lis
,Zdzisław Mazur
,Paulina Jankowski
,Dawid Kucharska
,Karolina Jankowska
,Jerzy Ziółkowska
,Barbara Jaworska
,Piotr Adamski
,Marzena Jankowska
,Jadwiga Urbański
,Marian Wasilewski
,Wiesław Wróblewski
,Jakub Olszewskia
,Waldemar Szczepański
,Krystyna Adamczyk
,Marianna Król
,Ewelina Jaworski
,Danuta Piotrowska
,Elżbieta Nowakowski
,Ewelina Kozłowski
,Stanisława Michalak
,Danuta Urbański
,Adam Adamski
,Natalia Marciniak
,Marian Kowalczyk
,Danuta Bąk
,Kazimierz Rutkowska
,Ewelina Walczak
,Dariusz Adamczyk
,Jolanta Rutkowski
,Dawid Wójcik
,Andrzej Lewandowski
,Halina Dąbrowski
,Magdalena Kołodziej
,Dariusz Dąbrowski
,Tadeusz Ostrowski
,Agata Gajewski
,Henryk Walczak
,Stanisława Lis
,Leszek Gajewski
,Grzegorz Sokołowski
,Joanna Baran
,Katarzyna Ziółkowski
,Marian Głowacka
,Stefania Andrzejewski
,Grażyna Wojciechowski
,Adam Nowak
,Marianna Szewczyk
,Danuta Wiśniewski
,Iwona Majewski
,Marta Kubiak
,Mieczysław Dudek
,Stanisława Lewandowski
,Genowefa Wasilewski
,Teresa Ostrowska
,Wanda Sikorski
,Karolina Sobczak
,Władysław Sobczak
,Marta Lis
,Tadeusz Wysocki
,Przemysław Wojciechowska
,Natalia Ziółkowski
,Katarzyna Rutkowska
,Paweł Ostrowska
,Iwona Witkowski
,Tomasz Kowalczyk
,Iwona Sobczak
,Katarzyna Kucharska
,Piotr Szewczyk
,Adam Głowacka
,Genowefa Wasilewska
,Bożena Dudek
,Zofia Ostrowski
,Józef Ostrowska
,Dariusz Przybylski
,Wiesław Zalewska
,Katarzyna Szymański
,Justyna Adamski
,Sylwia Lewandowski
,Halina Duda
,Rafał Jankowska
,Aleksandra Jabłoński
,Damian Pietrzak
,Aneta Gajewska
,Paulina Jaworski
,Tadeusz Stępień
,Wiesław Jankowski
,Michał Król
,Sebastian Pietrzak
,Daniel Wysocki
,Marcin Sikora
,Edward Lis
,Barbara Ziółkowski
,Urszula Król
,Urszula Czarnecka
,Paulina Chmielewska
,Marianna Grabowski
,Sławomir Kaźmierczak
,Ewa Adamska
,Mariusz Maciejewska
,Stefania Kucharski
,Elżbieta Sobczak
,Mirosław Tomaszewski
,Katarzyna Malinowski
,Monika Szczepańska
,Danuta Ziółkowska
,Barbara Laskowski
,Wiesława Włodarczyk
,Joanna Malinowski
,Dariusz Marciniak
,Piotr Szulc
,Sebastian Zalewska
,Joanna Sadowski
,Krystyna Jaworski
,Magdalena Sokołowska
,Magdalena Adamski
,Bożena Zalewska
,Marcin Wilk
,Marianna Tomaszewska
,Helena Kaźmierczak
,Katarzyna Górski
,Jan Kozłowski
,Krystyna Walczak
,Renata Pawlak
,Kamil Głowacka
,Marzena Laskowski
,Stanisław Kaźmierczak
,Jadwiga Nowakowska
,Karolina Cieślak
,Renata Dudek
,Stefania Sawicka
,Sylwia Mazur
,Krzysztof Zając
,Marian Kołodziej
,Andrzej Szymczak
,Krystyna Kwiatkowska
,Wojciech Michalski
,Marzena Włodarczyk
,Wojciech Sawicki
,Wiesława Przybylska
,Rafał Piotrowska
,Beata Laskowska
,Maciej Głowacki
,Jakub Majewska
,Jakub Górski
,Bożena Witkowski
,Mateusz Szymczak
,Edyta Laskowska
,Damian Czerwińska
,Michał Szymczak
,Iwona Sikorska
,Małgorzata Pietrzak
,Maria Kwiatkowski
,Zofia Jasińska
,Agnieszka Jakubowska
,Stanisława Witkowska
,Robert Czarnecka
,Wiesław Malinowski
,Iwona Makowski
,Beata Kowalczyk
,Ewa Kozłowski
,Beata Kamiński
,Paweł Kaczmarek
,Adam Woźniak
,Stanisław Woźniak
,Aleksandra Dudek
,Jerzy Jankowska
,Irena Sadowska
,Mirosław Kołodziej
,Joanna Król
,Marek Tomaszewska
,Wiesława Borkowskia
,Leszek Walczak
,Aleksandra Kucharska
,Jan Jankowska
,Agata Grabowski
,Władysław Stępień
,Barbara Głowacki
,Monika Mazurek
,Mirosław Wójcik
,Wanda Kowalski
,Kamil Adamczyk
,Natalia Jaworska
,Danuta Zawadzka
,Tomasz Pawlak
,Genowefa Jaworski
,Marcin Głowacki
,Dawid Król
,Janina Kamiński
,Marta Borkowski
,Stefania Wasilewska
,Teresa Czerwiński
,Zdzisław Wiśniewski
,Kazimierz Ostrowski
,Wiesław Jabłońska
,Andrzej Sadowska
,Marianna Maciejewski
,Wojciech Zawadzki
,Jan Baranowski
,Wojciech Wilk
,Rafał Wieczorek
,Aleksandra Chmielewski
,Leszek Cieślak
,Grażyna Kozłowska
,Adam Maciejewska
,Grażyna Nowak
,Andrzej Zalewska
,Krystyna Wieczorek
,Edward Pietrzak
,Dawid Pawlak
,Jakub Kowalska
,Marzena Sobczak
,Edyta Wiśniewski
,Paulina Nowicki
,Tomasz Kamińska
,Paulina Kalinowski
,Edyta Mazurek
,Stanisław Mazurek
,Jolanta Baran
,Damian Andrzejewski
,Henryk Sikorska
,Ryszard Ziółkowski
,Jan Marciniak
,Aneta Zieliński
,Maria Walczak
,Czesław Wasilewska
,Danuta Duda
,Rafał Maciejewska
,Kazimierz Brzezińska
,Alicja Szymczak
,Rafał Adamczyk
,Daniel Jakubowska
,Ewelina Rutkowska
,Grzegorz Zieliński
,Maciej Jankowska
,Tadeusz Krawczyk
,Izabela Michalska
,Jacek Mazur
,Zofia Adamska
,Izabela Borkowskia
,Robert Pietrzak
,Marek Jasińska
,Artur Kucharski
,Marianna Jankowski
,Paulina Wieczorek
,Danuta Zalewski
,Agnieszka Szymczak
,Henryk Zając
,Helena Nowakowska
,Kazimiera Piotrowski
,Barbara Szymańska
,Mieczysław Lewandowski
,Renata Woźniak
,Dariusz Sikorski
,Helena Stępień
,Danuta Nowicka
,Łukasz Wójcik
,Monika Baran
,Wiesława Kwiatkowski
,Anna Sokołowski
,Patrycja Mazur
,Stefania Walczak
,Justyna Jaworski
,Grzegorz Kołodziej
,Justyna Kowalczyk
,Edward Kalinowski
,Sylwia Malinowski
,Kazimierz Witkowska
,Janina Ziółkowski
,Krzysztof Kowalski
,Urszula Nowakowski
,Janusz Witkowski
,Leszek Sikora
,Ryszard Sawicka
,Iwona Górska
,Helena Sobczak
,Beata Jakubowski
,Zofia Zając
,Adam Kozłowski
,Dorota Szczepańska
,Artur Głowacka
,Patrycja Marciniak
,Robert Przybylski
,Wiesław Kołodziej
,Dorota Witkowski
,Wiesław Zielińska
,Stanisława Jankowski
,Janina Gajewska
,Krzysztof Nowicki
,Robert Zielińska
,Czesław Dudek
,Jerzy Borkowski
,Marta Ziółkowska
,Danuta Krawczyk
,Jan Jankowski
,Natalia Mazurek
,Barbara Ostrowski
,Bożena Ostrowska
,Dawid Ziółkowska
,Daniel Chmielewski
,Tadeusz Kaźmierczak
,Sebastian Mazurek
,Aleksandra Szymczak
,Robert Wójcik
,Wiesława Głowacka
,Zdzisław Pawłowski
,Roman Witkowski
,Adam Woźniak
,Michał Przybylski
,Alicja Kowalski
,Bożena Kozłowska
,Kazimiera Malinowski
,Maria Pawlak
,Sławomir Tomaszewski
,Zbigniew Wysocka
,Dawid Czerwiński
,Dawid Sadowska
,Ewa Duda
,Łukasz Jabłońska
,Marta Sikorska
,Władysław Dudek
,Ewa Andrzejewski
,Dorota Kubiak
,Jacek Włodarczyk
,Izabela Zając
,Artur Duda
,Stanisław Włodarczyk
,Waldemar Zając
,Zofia Ostrowski
,Sylwia Bąk
,Iwona Przybylski
,Edward Stępień
,Justyna Maciejewski
,Grzegorz Ziółkowska
,Marek Kwiatkowski
,Katarzyna Mazurek
,Janusz Kaczmarek
,Roman Piotrowski
,Sylwia Wójcik
,Agnieszka Krajewska
,Genowefa Laskowski
,Dorota Wójcik
,Andrzej Ostrowska
,Grzegorz Lewandowski
,Jadwiga Majewski
,Władysław Bąk
,Ewelina Adamczyk
,Damian Kołodziej
,Kamil Sikora
,Marian Czarnecka
,Anna Zalewska
,Adam Tomaszewski
,Krystyna Michalska
,Henryk Lis
,Zdzisław Sawicka
,Czesław Gajewski
,Kazimierz Baran
,Mateusz Dudek
,Izabela Szulc
,Maciej Cieślak
,Stefania Borkowskia
,Wiesława Kalinowska
,Damian Baranowska
,Jarosław Dudek
,Ryszard Wilk
,Magdalena Jankowska
,Janusz Szulc
,Władysław Nowakowska
,Stefania Górska
,Michał Szczepański
,Artur Włodarczyk
,Maciej Chmielewski
,Wiesław Zawadzka
,Maria Pawlak
,Jadwiga Witkowski
,Jadwiga Cieślak
,Stanisław Michalski
,Jakub Baran
,Alicja Kalinowski
,Andrzej Wójcik
,Katarzyna Pawlak
,Edward Włodarczyk
,Bożena Kowalczyk
,Daniel Majewska
,Paweł Kowalczyk
,Patrycja Nowak
,Dorota Tomaszewski
,Zdzisław Kalinowski
,Monika Sikorski
,Dariusz Chmielewski
,Renata Dudek
,Karolina Duda
,Roman Kozłowski
,Stanisław Sawicka
,Kazimiera Włodarczyk
,Katarzyna Nowak
,Agata Kaźmierczak
,Damian Urbański
,Sebastian Sikorski
,Agata Andrzejewski
,Dawid Wiśniewska
,Irena Kamińska
,Paweł Szymczak
,Jan Szymański
,Halina Kołodziej
,Jarosław Grabowska
,Joanna Czarnecki
,Tomasz Mazur
,Katarzyna Mazur
,Maciej Adamska
,Dariusz Pawłowska
,Michał Baranowska
,Jakub Pawlak
,Jolanta Stępień
,Halina Kowalczyk
,Danuta Wiśniewska
,Wanda Adamska
,Marek Wójcik
,Anna Kowalski
,Grażyna Baranowska
,Jan Zawadzka
,Helena Szymańska
,Leszek Jasińska
,Sebastian Andrzejewski
,Jadwiga Mazurek
,Dariusz Sobczak
,Andrzej Wiśniewska
,Dawid Kaźmierczak
,Edward Czarnecki
,Sylwia Włodarczyk
,Rafał Pawlak
,Edward Kwiatkowska
,Teresa Kowalska
,Anna Sawicki
,Artur Adamska
,Małgorzata Zając
,Marcin Kowalska
,Agata Szulc
,Marcin Stępień
,Józef Chmielewski
,Władysław Andrzejewska
,Władysław Kaczmarek
,Wiesława Stępień
,Wiesław Mazur
,Stefania Krawczyk
,Leszek Duda
,Patrycja Michalska
,Renata Pietrzak
,Wanda Zielińska
,Jacek Kwiatkowski
,Marzena Nowak
,Justyna Makowska
,Dariusz Bąk
,Czesław Szczepańska
,Rafał Czarnecka
,Dorota Wasilewski
,Roman Ziółkowski
,Maria Zieliński
,Mirosław Zieliński
,Iwona Czarnecki
,Piotr Ostrowska
,Wanda Wysocka
,Przemysław Zalewski
,Józef Lewandowski
,Marzena Pawłowska
,Patrycja Pawlak
,Mariusz Wieczorek
,Joanna Sikorski
,Roman Maciejewski
,Jolanta Wasilewska
,Józef Olszewski
,Robert Zalewski
,Agata Krajewski
,Ewa Głowacka
,Teresa Nowicki
,Patrycja Gajewski
,Mateusz Wojciechowska
,Rafał Maciejewski
,Daniel Michalska
,Wiesław Laskowska
,Joanna Brzeziński
,Stefania Wójcik
,Grzegorz Stępień
,Zbigniew Wysocka
,Artur Kamińska
,Marianna Nowak
,Roman Sadowski
,Marcin Kowalczyk
,Helena Makowski
,Izabela Jakubowska
,Aleksandra Stępień
,Sylwia Gajewski
,Maria Pietrzak
,Tadeusz Zawadzki
,Alicja Kowalski
,Tadeusz Sikorska
,Zofia Sadowska
,Ewelina Przybylski
,Karolina Laskowski
,Helena Szewczyk
,Paweł Wróbel
,Marcin Wieczorek
,Edward Woźniak
,Helena Krajewski
,Tomasz Wysocki
,Zdzisław Dudek
,Iwona Michalak
,Genowefa Adamska
,Wiesław Rutkowski
,Irena Malinowski
,Aneta Jaworski
,Jadwiga Wasilewski
,Ewelina Urbański
,Grażyna Wójcik
,Alicja Marciniak
,Robert Kaźmierczak
,Magdalena Cieślak
,Kazimierz Mazur
,Zbigniew Marciniak
,Maria Krawczyk
,Jan Kozłowski
,Mieczysław Lis
,Henryk Kwiatkowska
,Jarosław Kołodziej
,Marzena Kucharski
,Justyna Stępień
,Monika Bąk
,Paulina Wasilewski
,Sławomir Malinowski
,Artur Maciejewska
,Aneta Tomaszewska
,Piotr Malinowski
,Karolina Szewczyk
,Zbigniew Król
,Genowefa Górski
,Marcin Szewczyk
,Krystyna Jakubowska
,Dorota Jaworski
,Marta Maciejewski
,Renata Krawczyk
,Tomasz Malinowski
,Zofia Nowak
,Maciej Adamski
,Katarzyna Sadowska
,Zdzisław Kozłowska
,Iwona Włodarczyk
,Stanisława Sadowska
,Andrzej Andrzejewski
,Renata Baran
,Wojciech Krajewska
,Ewa Sadowska
,Władysław Laskowska
,Agnieszka Czerwiński
,Robert Michalski
,Zdzisław Laskowska
,Kazimierz Wilk
,Alicja Olszewskia
,Aneta Maciejewska
,Paulina Zakrzewska
,Danuta Marciniak
,Kamil Kamińska
,Sławomir Maciejewska
,Wiesława Szymański
,Agata Grabowska
,Stanisław Rutkowska
,Wiesław Czerwiński
,Krystyna Wieczorek
,Anna Dąbrowska
,Kazimiera Sikora
,Jan Majewski
,Ewa Lis
,Przemysław Czerwińska
,Bożena Czerwiński
,Dawid Kalinowska
,Dorota Adamska
,Patrycja Zając
,Janusz Nowakowska
,Sławomir Zieliński
,Jacek Stępień
,Danuta Gajewski
,Maciej Zawadzka
,Czesław Jankowska
,Ewelina Witkowska
,Sławomir Brzeziński
,Ryszard Borkowskia
,Mariusz Ziółkowska
,Stanisława Sikora
,Jolanta Borkowski
,Czesław Wójcik
,Helena Zakrzewska
,Marzena Wiśniewski
,Marcin Sawicka
,Anna Jabłońska
,Daniel Kołodziej
,Ewa Dudek
,Wojciech Głowacka
,Dawid Walczak
,Artur Tomaszewska
,Justyna Król
,Waldemar Szymczak
,Stefania Kwiatkowska
,Zbigniew Przybylski
,Monika Jabłoński
,Teresa Dąbrowski
,Tomasz Nowicki
,Bożena Zawadzki
,Rafał Kamiński
,Małgorzata Górski
,Jakub Jabłoński
,Wiesława Czarnecka
,Wiesława Włodarczyk
,Urszula Zawadzka
,Zdzisław Mazurek
,Andrzej Włodarczyk
,Alicja Baranowski
,Wiesław Szymański
,Mirosław Wójcik
,Kazimierz Wasilewska
,Jadwiga Baranowski
,Ewelina Przybylska
,Grażyna Pietrzak
,Rafał Nowakowska
,Mariusz Dudek
,Mirosław Zalewski
,Daniel Ostrowski
,Paweł Michalak
,Zofia Zalewski
,Adam Chmielewska
,Katarzyna Nowicka
,Ewa Szymańska
,Bożena Wiśniewski
,Jarosław Sikora
,Adam Andrzejewska
,Jacek Baran
,Tadeusz Zieliński
,Wiesława Dąbrowska
,Ewelina Malinowska
,Dorota Wasilewski
,Jerzy Marciniak
,Rafał Wysocki
,Marcin Mazur
,Justyna Michalak
,Danuta Nowakowska
,Bożena Sadowska
,Jolanta Szymański
,Irena Baranowski
,Ewelina Król
,Zbigniew Witkowski
,Elżbieta Makowska
,Genowefa Lis
,Alicja Dudek
,Agata Kucharski
,Kamil Brzezińska
,Dawid Laskowska
,Wojciech Czarnecka
,Czesław Makowska
,Mieczysław Makowski
,Tadeusz Zakrzewska
,Krzysztof Adamczyk
,Sebastian Szewczyk
,Marian Lis
,Ryszard Wysocka
,Sławomir Kowalska
,Mieczysław Szymczak
,Helena Sadowska
,Małgorzata Wróblewska
,Jolanta Adamczyk
,Dorota Szczepańska
,Władysław Rutkowska
,Urszula Michalski
,Przemysław Jasiński
,Alicja Adamska
,Grzegorz Dudek
,Leszek Baranowski
,Agata Adamski
,Kazimierz Andrzejewski
,Mirosław Włodarczyk
,Anna Wróbel
,Władysław Sikora
,Mariusz Krajewski
,Dariusz Pietrzak
,Wanda Nowicka
,Robert Kubiak
,Jan Bąk
,Monika Jankowska
,Beata Kołodziej
,Katarzyna Król
,Karolina Wojciechowska
,Marek Bąk
,Władysław Dudek
,Jan Kowalczyk
,Kazimierz Andrzejewski
,Zdzisław Baranowski
,Karolina Maciejewska
,Jerzy Sikora
,Izabela Kozłowski
,Danuta Sikorska
,Janina Kamiński
,Rafał Pawłowski
,Justyna Pietrzak
,Jerzy Jankowski
,Jadwiga Kowalska
,Kazimierz Czerwińska
,Janina Zalewski
,Kazimierz Lis
,Przemysław Gajewski
,Adam Wasilewska
,Justyna Zawadzki
,Wiesława Pawlak
,Agata Wojciechowski
,Iwona Kwiatkowski
,Aleksandra Przybylska
,Tadeusz Pawłowska
,Krzysztof Wróbel
,Agnieszka Kowalczyk
,Wojciech Dudek
,Paweł Makowski
,Mirosław Kwiatkowski
,Sławomir Zając
,Mateusz Gajewski
,Kazimierz Borkowski
,Natalia Kucharski
,Łukasz Lewandowski
,Monika Urbańska
,Justyna Pietrzak
,Władysław Jankowski
,Czesław Sobczak
,Kamil Sikora
,Mieczysław Jaworski
,Artur Lis
,Marek Nowak
,Daniel Wilk
,Dariusz Głowacki
,Robert Maciejewska
,Stanisława Kowalczyk
,Anna Andrzejewska
,Wiesław Michalski
,Jan Włodarczyk
,Jolanta Woźniak
,Jarosław Sawicki
,Genowefa Jasińska
,Marta Król
,Leszek Nowak
,Paulina Urbański
,Teresa Tomaszewski
,Mateusz Kołodziej
,Dawid Malinowska
,Jadwiga Szymańska
,Joanna Jabłoński
,Łukasz Urbański
,Sylwia Wieczorek
,Anna Baranowska
,Barbara Sikora
,Władysław Sikora
,Andrzej Andrzejewska
,Aneta Zawadzka
,Anna Adamski
,Justyna Szymczak
,Marek Maciejewski
,Artur Witkowski
,Patrycja Włodarczyk
,Jolanta Michalak
,Edyta Szulc
,Grzegorz Mazurek
,Mieczysław Andrzejewski
,Sebastian Zalewski
,Janina Stępień
,Przemysław Piotrowska
,Jacek Witkowski
,Jolanta Jankowski
,Ewelina Rutkowski
,Jacek Baran
,Kazimierz Nowakowski
,Marcin Kowalska
,Jacek Jabłoński
,Jadwiga Kołodziej
,Ewelina Czerwiński
,Grzegorz Wojciechowska
,Helena Sokołowski
,Maciej Witkowski
,Czesław Witkowski
,Justyna Dudek
,Barbara Olszewskia
,Wiesława Michalska
,Jolanta Andrzejewski
,Karolina Baranowski
,Ewa Olszewskia
,Wanda Górska
,Rafał Sawicka
,Waldemar Czerwiński
,Iwona Lis
,Elżbieta Głowacki
,Maria Sokołowska
,Ewelina Baranowska
,Zofia Kozłowski
,Paulina Szymczak
,Kazimierz Woźniak
,Wiesława Gajewski
,Dawid Laskowska
,Tomasz Sokołowski
,Sylwia Urbańska
,Dawid Kaczmarek
,Robert Mazur
,Władysław Mazurek
,Mirosław Duda
,Ewa Sokołowska
,Joanna Makowska
,Tomasz Wojciechowski
,Mariusz Wysocki
,Maria Wysocki
,Monika Walczak
,Wiesław Mazur
,Wiesław Sadowski
,Jerzy Pawłowski
,Roman Sadowska
,Władysław Pietrzak
,Danuta Rutkowski
,Kazimierz Wojciechowski
,Dawid Kowalczyk
,Tomasz Wasilewski
,Elżbieta Stępień
,Jarosław Wysocka
,Małgorzata Witkowski
,Roman Nowicka
,Roman Kubiak
,Justyna Rutkowska
,Józef Jasińska
,Aleksandra Wróblewska
,Stanisław Ostrowska
,Mieczysław Olszewski
,Elżbieta Kaźmierczak
,Wanda Czarnecki
,Józef Dudek
,Leszek Stępień
,Agata Krajewska
,Edyta Pawlak
,Grażyna Duda
,Waldemar Bąk
,Tadeusz Stępień
,Sylwia Szulc
,Michał Sikorska
,Danuta Szulc
,Adam Szulc
,Jadwiga Kwiatkowska
,Kazimierz Król
,Leszek Głowacki
,Agata Olszewskia
,Teresa Czerwińska
,Tadeusz Baran
,Urszula Szewczyk
,Karolina Baranowska
,Władysław Dudek
,Marta Michalski
,Jolanta Michalski
,Paweł Jabłońska
,Bożena Kozłowska
,Zbigniew Urbańska
,Alicja Szulc
,Jacek Zając
,Marta Szewczyk
,Marian Wieczorek
,Tadeusz Wojciechowski
,Mariusz Olszewskia
,Tadeusz Laskowska
,Jolanta Baran
,Mieczysław Michalski
,Przemysław Kaźmierczak
,Michał Mazurek
,Monika Pawlak
,Janusz Witkowski
,Genowefa Chmielewska
,Ewelina Wróblewska
,Jerzy Witkowska
,Wojciech Sawicki
,Teresa Sadowski
,Ewa Borkowski
,Waldemar Krajewski
,Grzegorz Zakrzewski
,Irena Marciniak
,Rafał Wysocka
,Katarzyna Laskowski
,Joanna Adamska
,Janina Nowakowski
,Dawid Tomaszewska
,Marzena Brzeziński
,Henryk Szymański
,Barbara Michalski
,Małgorzata Kołodziej
,Józef Kozłowski
,Jarosław Sokołowska
,Jadwiga Zając
,Jan Ostrowska
,Edyta Szczepańska
,Izabela Nowicki
,Czesław Olszewskia
,Danuta Kubiak
,Izabela Dudek
,Sebastian Michalski
,Mariusz Brzezińska
,Genowefa Wasilewski
,Dariusz Kowalski
,Aleksandra Pietrzak
,Aneta Kołodziej
,Genowefa Lewandowski
,Grzegorz Przybylska
,Władysław Andrzejewski
,Władysław Szymański
,Łukasz Michalak
,Krzysztof Szczepański
,Alicja Wiśniewska
,Janusz Nowak
,Maciej Wasilewski
,Władysław Urbańska
,Bożena Rutkowska
,Adam Bąk
,Anna Laskowska
,Jan Baran
,Katarzyna Kowalczyk
,Kazimiera Baranowski
,Joanna Woźniak
,Jerzy Majewska
,Przemysław Nowicka
,Dorota Wiśniewski
,Irena Lewandowski
,Mirosław Cieślak
,Piotr Szymczak
,Sebastian Dąbrowska
,Ryszard Wilk
,Damian Dudek
,Maria Cieślak
,Dorota Szymczak
,Kazimiera Mazur
,Jan Pawlak
,Henryk Nowak
,Ewelina Witkowska
,Patrycja Kalinowski
,Helena Włodarczyk
,Danuta Majewska
,Danuta Urbański
,Magdalena Nowakowska
,Helena Marciniak
,Stanisława Grabowski
,Agnieszka Król
,Piotr Ostrowska
,Urszula Michalak
,Zdzisław Gajewski
,Władysław Lis
,Stanisław Lis
,Karolina Kaźmierczak
,Łukasz Szymczak
,Robert Sadowski
,Michał Duda
,Iwona Zieliński
,Edward Nowakowski
,Mariusz Kucharska
,Renata Wilk
,Adam Kaczmarek
,Krzysztof Pawlak
,Ewelina Jasiński
,Zofia Lewandowski
,Sławomir Krawczyk
,Helena Szulc
,Stefania Kamiński
,Daniel Grabowska
,Stanisława Chmielewski
,Sławomir Kozłowska
,Agata Szczepańska
,Jarosław Jabłoński
,Stefania Jankowski
,Agata Olszewskia
,Daniel Kubiak
,Ewelina Pawłowski
,Helena Kaczmarek
,Tadeusz Mazur
,Stanisław Mazur
,Halina Ziółkowska
,Renata Górska
,Ewelina Laskowski
,Beata Kubiak
,Justyna Tomaszewska
,Jakub Stępień
,Agata Pawlak
,Grażyna Głowacki
,Marianna Mazurek
,Danuta Kucharska
,Maria Nowicka
,Rafał Kowalczyk
,Stanisław Sikorski
,Edyta Jasińska
,Renata Makowska
,Mirosław Witkowska
,Mieczysław Michalski
,Natalia Zielińska
,Kazimierz Michalska
,Władysław Szymczak
,Agnieszka Czerwińska
,Justyna Jakubowski
,Stefania Kozłowski
,Paweł Sadowski
,Natalia Wojciechowska
,Krystyna Walczak
,Leszek Kaczmarek
,Karolina Borkowski
,Agata Cieślak
,Waldemar Makowski
,Rafał Kowalska
,Dorota Szczepański
,Urszula Kucharska
,Barbara Jankowska
,Marek Pawłowski
,Janina Kaczmarek
,Zdzisław Krajewska
,Andrzej Grabowska
,Henryk Jabłońska
,Michał Cieślak
,Barbara Wysocki
,Artur Kalinowski
,Izabela Kaczmarek
,Marzena Zieliński
,Iwona Dudek
,Helena Wójcik
,Leszek Brzeziński
,Ewelina Mazurek
,Beata Kaźmierczak
,Dorota Wieczorek
,Janina Zakrzewska
,Monika Woźniak
,Mariusz Górski
,Agata Wilk
,Zbigniew Wróblewski
,Małgorzata Nowakowska
,Elżbieta Chmielewska
,Mateusz Krawczyk
,Urszula Kowalczyk
,Daniel Cieślak
,Marian Kaźmierczak
,Barbara Brzezińska
,Anna Dudek
,Joanna Pietrzak
,Patrycja Zalewska
,Robert Duda
,Marcin Ostrowski
,Henryk Brzezińska
,Urszula Andrzejewska
,Wanda Piotrowski
,Henryk Nowicki
,Dorota Kubiak
,Izabela Jasiński
,Kazimierz Wróblewska
,Artur Krajewska
,Barbara Szewczyk
,Andrzej Sokołowska
,Dorota Zawadzki
,Paweł Michalak
,Krzysztof Andrzejewska
,Monika Wiśniewska
,Jolanta Kucharska
,Sebastian Krajewska
,Tadeusz Laskowski
,Kazimierz Walczak
,Kamil Wilk
,Marian Grabowski
,Sylwia Kaczmarek
,Aneta Wróblewska
,Aleksandra Grabowski
,Elżbieta Duda
,Aneta Krajewski
,Anna Urbański
,Ryszard Czarnecka
,Mieczysław Pawłowski
,Adam Jabłoński
,Czesław Grabowska
,Wiesława Rutkowska
,Agnieszka Szczepański
,Danuta Kaczmarek
,Paweł Ostrowska
,Maciej Szymański
,Agata Jakubowska
,Michał Sadowska
,Henryk Sadowski
,Halina Wieczorek
,Stanisława Kalinowski
,Patrycja Michalska
,Dawid Dudek
,Janina Wieczorek
,Tadeusz Wysocka
,Edyta Michalski
,Wojciech Adamski
,Rafał Kalinowski
,Edyta Woźniak
,Michał Szymczak
,Magdalena Kozłowska
,Mieczysław Kwiatkowski
,Jacek Kubiak
,Marta Górski
,Krystyna Adamczyk
,Paweł Michalski
,Krystyna Wilk
,Alicja Wieczorek
,Dawid Kwiatkowska
,Marcin Rutkowska
,Daniel Kaźmierczak
,Jacek Szulc
,Dawid Król
,Anna Kalinowska
,Aneta Adamczyk
,Janusz Sokołowski
,Sławomir Szczepański
,Wiesław Nowakowski
,Jadwiga Michalska
,Jacek Pietrzak
,Kazimierz Bąk
,Przemysław Wójcik
,Mariusz Górski
,Janina Gajewska
,Aneta Dąbrowski
,Joanna Pawłowski
,Anna Wasilewski
,Mirosław Andrzejewski
,Sylwia Urbańska
,Robert Nowicki
,Krzysztof Szewczyk
,Krzysztof Zawadzka
,Genowefa Stępień
,Marcin Maciejewski
,Aleksandra Sokołowska
,Ryszard Wasilewska
,Alicja Szulc
,Mieczysław Sokołowska
,Zofia Wróblewska
,Michał Kaczmarek
,Marta Ostrowska
,Piotr Zakrzewska
,Marek Zielińska
,Dorota Michalak
,Stanisław Sawicka
,Daniel Górska
,Jacek Woźniak
,Maciej Jasińska
,Damian Wojciechowska
,Dawid Witkowski
,Alicja Baran
,Renata Wojciechowska
,Elżbieta Stępień
,Grażyna Nowak
,Natalia Duda
,Henryk Michalak
,Jacek Urbańska
,Jarosław Cieślak
,Genowefa Lewandowska
,Sylwia Jankowski
,Michał Czerwińska
,Genowefa Walczak
,Sylwia Ziółkowski
,Marian Szulc
,Mateusz Szymański
,Patrycja Jakubowski
,Ewa Szewczyk
,Jolanta Dąbrowska
,Tomasz Sikora
,Wanda Szulc
,Izabela Czerwińska
,Stefania Sokołowska
,Danuta Duda
,Małgorzata Nowicki
,Aleksandra Szewczyk
,Magdalena Zawadzka
,Mirosław Wojciechowski
,Przemysław Tomaszewska
,Robert Pietrzak
,Stanisław Rutkowska
,Karolina Górski
,Dawid Wilk
,Paulina Baranowska
,Józef Jankowski
,Jacek Nowakowski
,Edyta Czarnecki
,Tomasz Szymczak
,Zofia Malinowski
,Agnieszka Sikora
,Urszula Baran
,Wiesław Włodarczyk
,Paulina Stępień
,Jan Laskowska
,Janina Chmielewska
,Janina Ostrowska
,Kazimierz Malinowski
,Agata Michalski
,Mirosław Szczepański
,Zdzisław Górski
,Agata Adamska
,Mateusz Jaworska
,Wanda Zalewska
,Sylwia Kamiński
,Mieczysław Ostrowska
,Stanisława Dudek
,Genowefa Kołodziej
,Władysław Sokołowska
,Dorota Wróblewski
,Maria Brzezińska
,Marianna Kubiak
,Adam Zawadzka
,Patrycja Olszewski
,Krystyna Brzeziński
,Mirosław Dudek
,Mateusz Ziółkowska
,Andrzej Krajewska
,Ryszard Olszewskia
,Karolina Wróbel
,Władysław Lewandowski
,Genowefa Zalewski
,Janina Chmielewska
,Grażyna Malinowska
,Stanisław Marciniak
,Dawid Wieczorek
,Edward Sobczak
,Bożena Sikorski
,Agata Pawlak
,Krystyna Piotrowska
,Magdalena Kozłowski
,Agnieszka Cieślak
,Robert Gajewski
,Henryk Urbańska
,Wiesław Sikora
,Waldemar Jaworska
,Stanisława Tomaszewski
,Przemysław Walczak
,Stanisława Majewska
,Wanda Lewandowska
,Leszek Zając
,Marcin Jasiński
,Paweł Szymańska
,Maria Tomaszewska
,Grażyna Szymańska
,Elżbieta Pawłowski
,Marek Brzeziński
,Mateusz Kamiński
,Halina Górska
,Józef Michalska
,Mieczysław Rutkowski
,Leszek Jakubowski
,Paweł Pawlak
,Marzena Pietrzak
,Maciej Marciniak
,Danuta Baran
,Zdzisław Kucharski
,Roman Kowalczyk
,Janina Kaźmierczak
,Mateusz Bąk
,Urszula Sadowska
,Grażyna Wróbel
,Aleksandra Jaworska
,Krzysztof Sikora
,Aneta Witkowska
,Edyta Krajewska
,Kazimiera Laskowska
,Tadeusz Woźniak
,Mieczysław Witkowska
,Mateusz Dąbrowska
,Paulina Maciejewski
,Stefania Kaczmarek
,Artur Szymański
,Dawid Rutkowska
,Jakub Chmielewska
,Anna Makowski
,Tadeusz Kaczmarek
,Wojciech Makowski
,Mariusz Mazur
,Marta Sokołowski
,Bożena Kwiatkowska
,Marek Wieczorek
,Waldemar Wiśniewska
,Sławomir Szulc
,Halina Ziółkowski
,Roman Malinowska
,Wiesława Nowakowski
,Edward Duda
,Bożena Rutkowski
,Sylwia Gajewska
,Dawid Krajewski
,Marianna Rutkowska
,Barbara Lewandowski
,Elżbieta Michalak
,Jacek Kołodziej
,Grażyna Krajewski
,Kamil Wieczorek
,Kamil Mazurek
,Andrzej Baran
,Czesław Szymczak
,Grażyna Wysocki
,Maria Adamski
,Janusz Wróblewski
,Rafał Szymański
,Karolina Zalewski
,Waldemar Gajewski
,Ewa Wilk
,Anna Wiśniewski
,Wojciech Sadowska
,Henryk Chmielewska
,Jarosław Jasiński
,Stanisława Jankowska
,Mieczysław Sawicka
,Helena Adamska
,Marek Głowacka
,Adam Sadowski
,Stefania Baranowski
,Dariusz Szulc
,Aneta Szulc
,Kamil Pawlak
,Edyta Kamińska
,Jakub Wróbel
,Izabela Wróbel
,Marcin Witkowski
,Janina Mazur
,Magdalena Zalewska
,Mieczysław Dąbrowski
,Marianna Zalewska
,Marta Majewska
,Rafał Sawicki
,Jakub Kaźmierczak
,Paulina Zawadzka
,Helena Wiśniewska
,Magdalena Kwiatkowska
,Anna Kamiński
,Paulina Chmielewski
,Ryszard Mazurek
,Michał Wysocka
,Teresa Ziółkowski
,Beata Nowicka
,Danuta Baranowska
,Kamil Jabłońska
,Katarzyna Kamiński
,Irena Mazur
,Stanisław Baran
,Beata Majewski
,Zbigniew Sobczak
,Zbigniew Włodarczyk
,Waldemar Gajewski
,Zdzisław Dudek
,Wanda Jankowska
,Paweł Szewczyk
,Dorota Szewczyk
,Renata Szymański
,Ryszard Walczak
,Karolina Przybylski
,Roman Pietrzak
,Renata Wojciechowski
,Zdzisław Mazur
,Sylwia Sikora
,Janusz Pawłowski
,Zdzisław Stępień
,Jadwiga Sikorski
,Teresa Piotrowski
,Edyta Jankowska
,Marian Makowska
,Marian Jabłońska
,Izabela Wróbel
,Patrycja Olszewski
,Wojciech Wieczorek
,Ewelina Chmielewski
,Stanisław Krawczyk
,Stanisława Kowalczyk
,Jolanta Woźniak
,Kazimiera Jaworski
,Ewelina Tomaszewski
,Michał Zakrzewski
,Agnieszka Adamski
,Paulina Piotrowska
,Piotr Laskowska
,Łukasz Kalinowski
,Maria Sikora
,Edyta Kowalczyk
,Jarosław Czerwińska
,Elżbieta Włodarczyk
,Beata Kucharski
,Jerzy Szewczyk
,Małgorzata Woźniak
,Dorota Piotrowski
,Ewa Andrzejewski
,Justyna Nowak
,Tadeusz Kalinowska
,Sławomir Jakubowski
,Andrzej Szewczyk
,Dariusz Kwiatkowska
,Marcin Przybylska
,Urszula Maciejewska
,Piotr Makowski
,Maria Urbański
,Marzena Stępień
,Barbara Jaworska
,Janina Brzezińska
,Agata Baran
,Sławomir Zawadzki
,Marzena Kucharski
,Irena Sadowska
,Danuta Krawczyk
,Marian Lis
,Przemysław Piotrowski
,Dariusz Urbański
,Irena Sadowska
,Kazimierz Cieślak
,Iwona Andrzejewska
,Zdzisław Witkowski
,Przemysław Grabowska
,Anna Sobczak
,Artur Wieczorek
,Aleksandra Przybylska
,Magdalena Bąk
,Mateusz Pietrzak
,Marcin Wojciechowska
,Piotr Wilk
,Renata Olszewski
,Janina Kaźmierczak
,Jakub Wilk
,Stanisława Michalski
,Marcin Woźniak
,Władysław Witkowski
,Sławomir Witkowski
,Roman Rutkowski
,Roman Jaworska
,Józef Nowak
,Monika Malinowska
,Stanisław Marciniak
,Czesław Cieślak
,Krystyna Chmielewska
,Marianna Krajewski
,Anna Mazur
,Robert Jakubowska
,Patrycja Nowak
,Władysław Szymczak
,Leszek Kaźmierczak
,Kazimierz Szymczak
,Mieczysław Piotrowska
,Leszek Nowakowska
,Marek Baranowska
,Rafał Zając
,Natalia Ostrowski
,Urszula Ostrowski
,Ewa Wróbel
,Jerzy Duda
,Wojciech Laskowski
,Waldemar Wróbel
,Maria Górski
,Krystyna Baran
,Damian Jabłońska
,Marek Zalewska
,Renata Wójcik
,Bożena Przybylska
,Łukasz Zalewski
,Marianna Grabowski
,Przemysław Nowicka
,Władysław Kucharski
,Damian Wilk
,Karolina Borkowskia
,Renata Pawłowska
,Joanna Włodarczyk
,Genowefa Kalinowski
,Zdzisław Stępień
,Alicja Borkowski
,Czesław Chmielewska
,Iwona Woźniak
,Wiesława Sokołowski
,Mieczysław Kamińska
,Halina Andrzejewski
,Paweł Kaczmarek
,Krzysztof Baranowski
,Grzegorz Nowak
,Marta Urbańska
,Maria Nowicka
,Edyta Szymański
,Magdalena Chmielewska
,Aneta Jankowska
,Małgorzata Kucharski
,Marta Sobczak
,Kazimierz Bąk
,Patrycja Szczepański
,Jerzy Jankowski
,Agnieszka Wiśniewska
,Katarzyna Sikorski
,Robert Szymczak
,Grzegorz Adamski
,Krzysztof Szulc
,Leszek Jabłoński
,Maria Kamińska
,Edward Ziółkowski
,Magdalena Pawłowska
,Marta Kamiński
,Adam Woźniak
,Joanna Zalewska
,Władysław Wróblewska
,Kamil Wróblewski
,Józef Walczak
,Marcin Olszewskia
,Paulina Sokołowski
,Wanda Ziółkowska
,Patrycja Nowakowska
,Tadeusz Przybylska
,Tomasz Nowakowska
,Kamil Wróblewski
,Aleksandra Kowalski
,Aneta Cieślak
,Janina Cieślak
,Łukasz Majewski
,Maria Wróblewski
,Helena Kaźmierczak
,Justyna Jankowska
,Bożena Kucharska
,Maciej Olszewski
,Justyna Nowicki
,Wiesława Grabowski
,Marta Krajewska
,Andrzej Pawłowska
,Agnieszka Brzeziński
,Zbigniew Jankowska
,Kazimierz Maciejewska
,Natalia Jankowski
,Marta Walczak
,Marek Rutkowski
,Natalia Kwiatkowska
,Zbigniew Baranowska
,Wanda Nowak
,Daniel Wiśniewski
,Katarzyna Sokołowski
,Natalia Mazur
,Wojciech Sobczak
,Ewa Zawadzki
,Aneta Król
,Waldemar Dąbrowski
,Katarzyna Maciejewska
,Barbara Wróbel
,Jadwiga Krawczyk
,Waldemar Witkowski
,Jerzy Kubiak
,Piotr Nowakowska
,Kamil Rutkowski
,Wojciech Andrzejewski
,Stefania Wiśniewski
,Paulina Szulc
,Irena Borkowskia
,Ewa Szewczyk
,Mieczysław Sobczak
,Anna Pietrzak
,Mateusz Zielińska
,Zbigniew Głowacki
,Henryk Krajewski
,Krystyna Sadowski
,Daniel Makowski
,Karolina Lis
,Teresa Kucharska
,Stanisław Maciejewski
,Janusz Zielińska
,Józef Kaźmierczak
,Genowefa Kozłowska
,Damian Borkowski
,Izabela Zalewska
,Wiesława Makowska
,Jarosław Duda
,Robert Makowski
,Edward Dąbrowska
,Krystyna Sobczak
,Krystyna Wilk
,Karolina Szymczak
,Barbara Wojciechowska
,Marianna Zakrzewska
,Józef Dąbrowska
,Jan Szymczak
,Dawid Walczak
,Joanna Szewczyk
,Wanda Wysocka
,Sebastian Mazur
,Marzena Jankowska
,Edward Kowalczyk
,Irena Adamska
,Krystyna Woźniak
,Patrycja Mazurek
,Danuta Nowak
,Edward Cieślak
,Irena Adamczyk
,Kamil Borkowski
,Ryszard Szczepańska
,Artur Nowicka
,Jerzy Jaworski
,Jakub Kucharski
,Sebastian Wojciechowski
,Natalia Kowalczyk
,Mateusz Gajewska
,Halina Maciejewska
,Urszula Jasiński
,Marta Malinowska
,Teresa Wójcik
,Marzena Jasińska
,Helena Kaczmarek
,Stanisław Szewczyk
,Bożena Ziółkowski
,Marian Jaworska
,Sławomir Kowalczyk
,Dorota Mazurek
,Ewelina Rutkowski
,Alicja Czerwiński
,Ryszard Kołodziej
,Edward Jaworski
,Magdalena Urbańska
,Zdzisław Pawlak
,Sebastian Baran
,Karolina Sikora
,Elżbieta Czerwińska
,Maria Lewandowski
,Teresa Chmielewski
,Grzegorz Lis
,Zbigniew Nowicka
,Robert Jankowska
,Tomasz Pawlak
,Bożena Marciniak
,Marek Pawłowski
,Aleksandra Wasilewska
,Urszula Górska
,Agata Adamski
,Genowefa Przybylski
,Sławomir Szewczyk
,Wanda Nowakowska
,Monika Kamińska
,Marta Malinowski
,Krystyna Brzezińska
,Jacek Nowakowska
,Zofia Wójcik
,Patrycja Zielińska
,Adam Wróbel
,Renata Nowak
,Grażyna Wiśniewska
,Sylwia Jabłońska
,Maria Baranowski
,Artur Pawlak
,Marian Lewandowska
,Kazimierz Olszewskia
,Łukasz Pietrzak
,Kazimierz Michalska
,Elżbieta Bąk
,Józef Duda
,Wojciech Pawłowski
,Izabela Dudek
,Edward Andrzejewski
,Andrzej Majewska
,Monika Król
,Stanisława Kowalski
,Jadwiga Nowakowska
,Sebastian Maciejewska
,Magdalena Zawadzka
,Daniel Adamczyk
,Natalia Sobczak
,Joanna Gajewski
,Leszek Nowakowska
,Sebastian Kołodziej
,Tomasz Szymczak
,Stanisława Jakubowski
,Elżbieta Wieczorek
,Dawid Król
,Aleksandra Szymczak
,Grażyna Wróblewska
,Marcin Brzeziński
,Irena Jankowski
,Janusz Wróblewska
,Marcin Szymczak
,Wiesława Rutkowska
,Aleksandra Krajewski
,Iwona Kalinowska
,Stanisława Zając
,Monika Sikora
,Rafał Kaczmarek
,Kazimierz Brzezińska
,Robert Adamska
,Iwona Szczepańska
,Henryk Maciejewski
,Zofia Sadowska
,Halina Jakubowska
,Janusz Jankowska
,Grażyna Baranowski
,Alicja Szulc
,Zdzisław Krajewska
,Małgorzata Borkowski
,Jarosław Wróblewska
,Monika Pietrzak
,Iwona Wójcik
,Janina Wysocki
,Monika Wróblewski
,Jolanta Baranowska
,Jarosław Laskowski
,Monika Sikora
,Mirosław Król
,Janina Zalewska
,Bożena Wasilewski
,Leszek Czarnecka
,Justyna Jasińska
,Marcin Król
,Dariusz Nowicki
,Kamil Szewczyk
,Mirosław Wróblewska
,Krystyna Wysocki
,Jarosław Zalewska
,Aneta Przybylska
,Helena Krajewska
,Marian Nowicka
,Kamil Szymczak
,Janusz Andrzejewska
,Grzegorz Sikorska
,Natalia Sikora
,Tomasz Szymczak
,Agata Wieczorek
,Ewa Szulc
,Jadwiga Czarnecki
,Tadeusz Borkowskia
,Michał Ziółkowski
,Dawid Lis
,Agnieszka Pawłowski
,Adam Szulc
,Barbara Borkowskia
,Dorota Duda
,Sławomir Sawicki
,Krzysztof Czarnecka
,Janina Wójcik
,Krzysztof Wójcik
,Halina Jabłoński
,Ewelina Szymczak
,Elżbieta Woźniak
,Stanisława Andrzejewski
,Piotr Nowakowska
,Grzegorz Wróbel
,Natalia Makowski
,Barbara Stępień
,Mateusz Mazurek
,Agata Urbańska
,Piotr Szymczak
,Iwona Bąk
,Tomasz Walczak
,Henryk Kowalski
,Sławomir Kowalczyk
,Maria Michalak
,Mateusz Woźniak
,Krzysztof Piotrowska
,Sławomir Szewczyk
,Edward Kołodziej
,Edward Kozłowski
,Leszek Duda
,Halina Nowak
,Piotr Jaworski
,Józef Jabłońska
,Dariusz Brzezińska
,Jarosław Jaworska
,Małgorzata Kucharski
,Kamil Nowak
,Teresa Majewski
,Jarosław Majewska
,Paulina Stępień
,Czesław Zakrzewski
,Ewa Chmielewska
,Mieczysław Jaworska
,Roman Maciejewski
,Marian Ostrowska
,Stefania Krajewska
,Paulina Kaźmierczak
,Daniel Lis
,Marek Baranowska
,Łukasz Wiśniewska
,Michał Marciniak
,Jan Szymański
,Tomasz Krajewska
,Urszula Włodarczyk
,Dorota Zalewska
,Joanna Wróblewski
,Irena Baran
,Grzegorz Adamczyk
,Mieczysław Szulc
,Waldemar Sawicki
,Aleksandra Michalak
,Andrzej Lewandowska
,Monika Malinowska
,Maria Michalak
,Danuta Lis
,Anna Zieliński
,Jerzy Wilk
,Renata Jaworska
,Edyta Jankowska
,Wojciech Kozłowski
,Aneta Mazur
,Tomasz Czarnecka
,Justyna Nowicka
,Magdalena Szulc
,Jacek Sawicki
,Małgorzata Kowalczyk
,Krzysztof Laskowski
,Krystyna Adamska
,Halina Kowalski
,Sylwia Wilk
,Stefania Król
,Marek Michalski
,Marianna Sikora
,Bożena Stępień
,Jakub Majewski
,Dorota Szczepańska
,Stanisław Wieczorek
,Adam Król
,Marzena Szymczak
,Dorota Kalinowska
,Aneta Szymczak
,Dawid Woźniak
,Renata Kamiński
,Janina Szewczyk
,Teresa Nowakowska
,Helena Olszewski
,Danuta Ostrowski
,Marta Dąbrowski
,Edyta Makowski
,Janina Tomaszewski
,Maciej Wróblewska
,Damian Olszewskia
,Artur Kołodziej
,Zbigniew Kamińska
,Dawid Wójcik
,Aneta Wieczorek
,Tomasz Krawczyk
,Edyta Kwiatkowska
,Grzegorz Makowski
,Mieczysław Chmielewski
,Edyta Lis
,Stanisław Zając
,Janina Lewandowski
,Henryk Wysocki
,Łukasz Pawlak
,Maria Olszewskia
,Sylwia Adamczyk
,Wanda Sokołowski
,Artur Adamski
,Wiesław Stępień
,Monika Kowalska
,Jerzy Cieślak
,Halina Kwiatkowski
,Marcin Szewczyk
,Marzena Król
,Mateusz Kubiak
,Ewelina Sokołowski
,Beata Wilk
,Izabela Jaworski
,Marian Kaźmierczak
,Helena Baran
,Grażyna Jasińska
,Monika Kucharska
,Dorota Jabłońska
,Mariusz Nowakowska
,Zdzisław Kozłowska
,Stefania Kucharska
,Kamil Kaczmarek
,Mariusz Pietrzak
,Wiesław Majewski
,Dariusz Dudek
,Patrycja Michalak
,Tadeusz Baran
,Adam Marciniak
,Janusz Jankowska
,Kazimierz Wójcik
,Monika Sadowska
,Stefania Sokołowska
,Kamil Kaczmarek
,Łukasz Gajewski
,Wanda Pawlak
,Andrzej Czerwińska
,Elżbieta Mazur
,Henryk Górska
,Damian Maciejewska
,Mateusz Adamczyk
,Jolanta Nowakowska
,Paweł Cieślak
,Adam Wiśniewski
,Zofia Piotrowski
,Katarzyna Bąk
,Karolina Pietrzak
,Grażyna Kwiatkowska
,Anna Michalska
,Waldemar Sikora
,Artur Wojciechowska
,Renata Dąbrowska
,Krystyna Ostrowski
,Jadwiga Kaczmarek
,Alicja Jasińska
,Ewa Szewczyk
,Sebastian Baranowski
,Anna Cieślak
,Stefania Bąk
,Henryk Walczak
,Anna Wieczorek
,Roman Nowakowski
,Michał Krawczyk
,Marianna Czarnecki
,Magdalena Zając
,Danuta Chmielewska
,Łukasz Dąbrowski
,Iwona Kowalski
,Dorota Baran
,Paulina Walczak
,Jerzy Kowalski
,Dariusz Kwiatkowski
,Izabela Kamiński
,Kamil Makowski
,Zofia Nowak
,Kamil Michalak
,Jadwiga Duda
,Agnieszka Michalska
,Władysław Olszewskia
,Agnieszka Kucharska
,Maciej Lewandowski
,Danuta Adamski
,Maciej Grabowski
,Marcin Pietrzak
,Adam Malinowska
,Janusz Dudek
,Kamil Sobczak
,Piotr Bąk
,Beata Przybylska
,Janusz Kucharska
,Kamil Górska
,Marta Kubiak
,Wanda Wójcik
,Maciej Kaźmierczak
,Natalia Szulc
,Przemysław Ziółkowska
,Edyta Kalinowska
,Wanda Jaworska
,Magdalena Wasilewski
,Sławomir Wojciechowska
,Jerzy Wójcik
,Przemysław Walczak
,Dawid Kozłowski
,Józef Szewczyk
,Daniel Witkowska
,Tadeusz Sikora
,Janina Czarnecka
,Dawid Baran
,Wiesława Borkowski
,Stanisława Kubiak
,Wiesław Pawłowski
,Katarzyna Rutkowski
,Henryk Kaźmierczak
,Krystyna Stępień
,Wojciech Lewandowski
,Stefania Mazur
,Karolina Kaczmarek
,Halina Wiśniewska
,Izabela Dąbrowska
,Zofia Ostrowski
,Józef Król
,Anna Ziółkowski
,Jerzy Walczak
,Ewa Makowski
,Robert Gajewska
,Stefania Brzeziński
,Maciej Górski
,Janina Lewandowska
,Marcin Makowska
,Teresa Cieślak
,Beata Mazurek
,Kamil Makowska
,Roman Czarnecka
,Jadwiga Borkowskia
,Aleksandra Wysocka
,Marzena Borkowskia
,Władysław Zając
,Andrzej Jasiński
,Bożena Kubiak
,Leszek Nowicki
,Danuta Sikora
,Edyta Dudek
,Sławomir Makowska
,Kazimiera Zalewska
,Iwona Czarnecka
,Patrycja Jakubowska
,Agata Michalski
,Danuta Urbański
,Aleksandra Przybylska
,Kamil Chmielewski
,Jadwiga Krawczyk
,Monika Laskowski
,Anna Dąbrowski
,Władysław Przybylski
,Zofia Stępień
,Marzena Górski
,Marta Sadowski
,Jakub Dąbrowski
,Janina Pietrzak
,Jan Kołodziej
,Sebastian Zawadzka
,Łukasz Czarnecka
,Irena Wilk
,Teresa Jasiński
,Jolanta Jabłońska
,Władysław Zakrzewski
,Marzena Mazur
,Paweł Lewandowska
,Marianna Czarnecki
,Elżbieta Mazur
,Beata Kubiak
,Magdalena Laskowski
,Justyna Wróbel
,Mieczysław Sadowska
,Grzegorz Urbański
,Sławomir Zakrzewska
,Genowefa Witkowski
,Paulina Pawlak
,Dawid Zając
,Patrycja Zawadzka
,Mirosław Włodarczyk
,Izabela Cieślak
,Kamil Duda
,Jarosław Jaworski
,Beata Baranowska
,Alicja Cieślak
,Justyna Woźniak
,Jolanta Kamińska
,Rafał Kaźmierczak
,Janusz Krawczyk
,Maria Kubiak
,Mieczysław Zielińska
,Paulina Włodarczyk
,Teresa Pawlak
,Izabela Nowak
,Grażyna Rutkowski
,Mateusz Michalski
,Wanda Tomaszewski
,Robert Sadowska
,Elżbieta Lis
,Władysław Sobczak
,Zofia Nowak
,Jakub Wróbel
,Karolina Sobczak
,Przemysław Lis
,Roman Kaczmarek
,Jolanta Włodarczyk
,Władysław Wróbel
,Mieczysław Kaźmierczak
,Michał Nowicki
,Beata Gajewska
,Dawid Mazurek
,Edyta Kubiak
,Robert Pawłowski
,Jacek Cieślak
,Józef Makowski
,Izabela Kubiak
,Adam Mazur
,Iwona Lewandowski
,Czesław Zalewska
,Kazimierz Walczak
,Artur Włodarczyk
,Rafał Malinowska
,Paulina Czarnecka
,Jan Sikorski
,Jarosław Szewczyk
,Aneta Kucharska
,Urszula Jasiński
,Justyna Pietrzak
,Jadwiga Sobczak
,Sebastian Andrzejewska
,Paulina Walczak
,Edward Gajewska
,Władysław Przybylska
,Michał Bąk
,Władysław Dudek
,Genowefa Kwiatkowski
,Jadwiga Jakubowski
,Wojciech Szczepańska
,Ewa Duda
,Sławomir Głowacka
,Mieczysław Krawczyk
,Elżbieta Kalinowska
,Grażyna Baranowski
,Jolanta Górska
,Helena Witkowska
,Przemysław Baranowska
,Leszek Zając
,Wiesława Baran
,Dariusz Pawłowska
,Katarzyna Mazur
,Magdalena Bąk
,Stanisław Szymańska
,Izabela Grabowska
,Alicja Nowicki
,Stefania Kowalska
,Waldemar Czarnecka
,Adam Urbański
,Jarosław Jabłońska
,Sebastian Szczepański
,Aleksandra Michalak
,Czesław Makowska
,Irena Nowak
,Joanna Szczepańska
,Artur Mazur
,Irena Lewandowska
,Renata Laskowski
,Andrzej Walczak
,Natalia Wiśniewska
,Ewa Pawlak
,Henryk Czarnecka
,Alicja Krawczyk
,Artur Kołodziej
,Wiesław Sobczak
,Maria Kubiak
,Czesław Kalinowska
,Bożena Bąk
,Dorota Wójcik
,Daniel Wasilewski
,Aneta Wojciechowska
,Mieczysław Kalinowski
,Tadeusz Adamska
,Rafał Jankowska
,Krzysztof Włodarczyk
,Marian Tomaszewski
,Grażyna Duda
,Stanisława Lis
,Marek Krawczyk
,Joanna Laskowski
,Michał Krajewski
,Grzegorz Szulc
,Maria Nowicki
,Zdzisław Gajewska
,Elżbieta Kwiatkowski
,Aleksandra Adamczyk
,Marcin Witkowska
,Jarosław Sokołowska
,Anna Wiśniewska
,Przemysław Tomaszewska
,Grzegorz Wójcik
,Aleksandra Dąbrowska
,Daniel Zawadzki
,Grzegorz Kozłowska
,Teresa Wysocka
,Alicja Chmielewska
,Wiesław Sadowska
,Marianna Zakrzewska
,Wiesława Marciniak
,Zdzisław Laskowski
,Sebastian Mazurek
,Paulina Witkowska
,Magdalena Kołodziej
,Waldemar Wiśniewska
,Agnieszka Kwiatkowski
,Jadwiga Kamiński
,Sebastian Pietrzak
,Mateusz Kołodziej
,Czesław Woźniak
,Agnieszka Wilk
,Damian Urbańska
,Halina Michalak
,Grażyna Szymczak
,Magdalena Baran
,Teresa Michalak
,Marzena Kołodziej
,Mateusz Kołodziej
,Jadwiga Czarnecki
,Danuta Krawczyk
,Agata Witkowska
,Krzysztof Rutkowski
,Iwona Stępień
,Kazimierz Witkowska
,Edyta Szewczyk
,Aleksandra Sadowski
,Teresa Chmielewska
,Mirosław Rutkowska
,Kazimiera Jabłońska
,Kazimiera Adamski
,Justyna Maciejewski
,Henryk Pawłowska
,Leszek Zawadzki
,Irena Nowak
,Teresa Głowacka
,Dawid Wójcik
,Izabela Zając
,Rafał Michalak
,Małgorzata Borkowskia
,Katarzyna Tomaszewska
,Zofia Kucharska
,Artur Sokołowska
,Marzena Duda
,Tomasz Dudek
,Małgorzata Nowicki
,Tadeusz Olszewskia
,Aneta Kucharska
,Aleksandra Piotrowska
,Danuta Rutkowska
,Agnieszka Adamczyk
,Edward Sikora
,Teresa Kaczmarek
,Sylwia Brzeziński
,Krzysztof Baran
,Genowefa Adamczyk
,Rafał Woźniak
,Grzegorz Michalak
,Tomasz Jasińska
,Jarosław Chmielewska
,Michał Wróblewski
,Andrzej Wieczorek
,Dorota Wojciechowski
,Wojciech Zakrzewski
,Marta Król
,Teresa Olszewski
,Michał Jakubowska
,Mateusz Król
,Roman Sikora
,Mieczysław Kołodziej
,Urszula Pietrzak
,Jan Bąk
,Maria Wilk
,Jan Wróbel
,Genowefa Nowicki
,Piotr Maciejewski
,Edyta Stępień
,Michał Szymczak
,Renata Włodarczyk
,Marianna Lewandowski
,Łukasz Rutkowska
,Agata Adamczyk
,Renata Wróblewska
,Joanna Włodarczyk
,Elżbieta Zielińska
,Marta Kamińska
,Dariusz Czarnecki
,Stanisław Nowak
,Magdalena Michalak
,Joanna Krawczyk
,Jadwiga Zielińska
,Beata Jabłońska
,Dawid Grabowska
,Bożena Kaźmierczak
,Iwona Górska
,Monika Olszewskia
,Ryszard Sikorski
,Stanisław Duda
,Barbara Baran
,Stanisław Mazurek
,Agnieszka Kamiński
,Stanisław Wójcik
,Krzysztof Mazurek
,Alicja Kołodziej
,Ryszard Kalinowski
,Tomasz Malinowska
,Krzysztof Sawicki
,Zofia Urbański
,Marianna Andrzejewska
,Dawid Andrzejewski
,Waldemar Andrzejewska
,Marcin Dąbrowska
,Józef Zalewski
,Ewelina Tomaszewski
,Robert Kalinowska
,Teresa Adamska
,Iwona Kalinowska
,Tadeusz Kołodziej
,Katarzyna Brzezińska
,Ewa Szulc
,Kazimierz Kubiak
,Jarosław Zakrzewski
,Aneta Wójcik
,Kazimierz Szymczak
,Paweł Adamczyk
,Agata Wojciechowski
,Sławomir Król
,Robert Stępień
,Ryszard Jankowski
,Michał Szymańska
,Paweł Kowalczyk
,Jadwiga Czerwińska
,Urszula Baran
,Marianna Szymczak
,Artur Włodarczyk
,Jakub Kalinowski
,Wiesława Walczak
,Patrycja Wróbel
,Waldemar Jasińska
,Jolanta Król
,Agata Wasilewski
,Marian Pawlak
,Janusz Wysocka
,Łukasz Baranowski
,Władysław Kozłowska
,Rafał Sokołowska
,Henryk Zawadzka
,Marian Baranowska
,Monika Kowalczyk
,Katarzyna Zawadzka
,Mieczysław Kubiak
,Andrzej Krajewski
,Grzegorz Nowicki
,Stefania Szymczak
,Jan Jankowski
,Teresa Lewandowski
,Monika Jaworski
,Jolanta Zawadzki
,Ryszard Jabłońska
,Agata Kaczmarek
,Marta Mazurek
,Helena Kwiatkowski
,Paweł Wróbel
,Grażyna Piotrowski
,Przemysław Kaźmierczak
,Natalia Zielińska
,Mirosław Maciejewska
,Rafał Wróblewski
,Jakub Zieliński
,Katarzyna Chmielewska
,Artur Adamska
,Krzysztof Nowak
,Waldemar Grabowski
,Janusz Bąk
,Krzysztof Baran
,Jacek Kołodziej
,Władysław Sawicki
,Zofia Wojciechowski
,Zofia Michalak
,Bożena Grabowska
,Wiesława Wasilewski
,Maciej Szymański
,Andrzej Grabowski
,Wojciech Kaczmarek
,Justyna Kowalczyk
,Beata Wójcik
,Leszek Lewandowska
,Katarzyna Wojciechowska
,Wanda Makowska
,Leszek Brzeziński
,Bożena Baranowski
,Katarzyna Ziółkowski
,Mariusz Sikorski
,Danuta Woźniak
,Danuta Kalinowski
,Sebastian Wiśniewska
,Władysław Kaźmierczak
,Kazimiera Chmielewska
,Roman Borkowski
,Andrzej Tomaszewski
,Sylwia Duda
,Czesław Mazurek
,Artur Pawlak
,Sylwia Borkowski
,Danuta Szulc
,Justyna Kozłowski
,Magdalena Sobczak
,Janina Wróblewska
,Sylwia Jasińska
,Janina Szewczyk
,Przemysław Wróbel
,Irena Krawczyk
,Piotr Sobczak
,Piotr Krawczyk
,Mateusz Sikora
,Paweł Górski
,Marta Olszewskia
,Ewelina Pietrzak
,Łukasz Kołodziej
,Kazimierz Zawadzka
,Helena Cieślak
,Danuta Cieślak
,Damian Woźniak
,Mateusz Majewska
,Wojciech Wróbel
,Dariusz Kowalczyk
,Tomasz Kamiński
,Marzena Zając
,Jan Marciniak
,Kazimierz Wróblewski
,Anna Kucharska
,Irena Wróblewski
,Przemysław Andrzejewska
,Edyta Szczepański
,Maria Kozłowska
,Helena Michalak
,Aleksandra Maciejewski
,Paweł Cieślak
,Ewa Kwiatkowski
,Mariusz Szczepański
,Krzysztof Baranowska
,Marzena Zając
,Dorota Sikorski
,Barbara Pietrzak
,Marta Michalak
,Iwona Walczak
,Tadeusz Zielińska
,Stefania Woźniak
,Beata Włodarczyk
,Barbara Król
,Natalia Kołodziej
,Kazimierz Michalak
,Kazimierz Wysocki
,Beata Nowicki
,Kazimiera Jakubowska
,Teresa Zieliński
,Wiesława Wilk
,Halina Zawadzka
,Maria Pietrzak
,Stanisława Kubiak
,Janusz Kamiński
,Agnieszka Zieliński
,Jakub Chmielewska
,Damian Sikorska
,Renata Pietrzak
,Beata Szewczyk
,Leszek Włodarczyk
,Janusz Borkowski
,Jakub Andrzejewski
,Jarosław Kubiak
,Zdzisław Kamiński
,Stanisław Adamski
,Sebastian Mazur
,Natalia Adamski
,Urszula Kucharski
,Wojciech Sobczak
,Ryszard Nowak
,Tadeusz Jaworska
,Kazimierz Górska
,Paweł Nowakowski
,Wojciech Zakrzewska
,Łukasz Witkowska
,Leszek Adamczyk
,Sylwia Kamiński
,Mateusz Adamczyk
,Maria Wróbel
,Aleksandra Kołodziej
,Marzena Majewski
,Artur Tomaszewski
,Stefania Marciniak
,Sławomir Wojciechowski
,Jakub Ostrowska
,Aleksandra Borkowskia
,Bożena Kaźmierczak
,Danuta Lewandowski
,Adam Chmielewski
,Sławomir Brzeziński
,Urszula Jaworska
,Urszula Lis
,Joanna Laskowski
,Adam Wieczorek
,Krzysztof Mazur
,Teresa Król
,Izabela Maciejewski
,Patrycja Michalak
,Leszek Król
,Rafał Andrzejewska
,Krystyna Kwiatkowski
,Robert Pawlak
,Roman Jasińska
,Jolanta Kwiatkowska
,Wiesław Nowakowska
,Robert Ziółkowska
,Urszula Wieczorek
,Wiesław Wróblewski
,Genowefa Szczepański
,Halina Sokołowski
,Renata Zawadzka
,Roman Szymczak
,Przemysław Kwiatkowski
,Sebastian Duda
,Bożena Przybylska
,Zofia Woźniak
,Urszula Bąk
,Robert Lewandowska
,Stanisław Kamińska
,Teresa Wójcik
,Karolina Gajewski
,Zbigniew Wieczorek
,Janina Rutkowski
,Tomasz Wilk
,Mariusz Lis
,Jacek Wróbel
,Kamil Dąbrowski
,Elżbieta Sikora
,Barbara Mazurek
,Mieczysław Sikora
,Maria Urbańska
,Marta Makowska
,Jerzy Nowicki
,Irena Jankowska
,Teresa Walczak
,Anna Malinowska
,Henryk Krajewska
,Elżbieta Laskowska
,Bożena Szymczak
,Helena Jabłoński
,Stefania Nowakowski
,Paweł Grabowski
,Roman Wysocki
,Dariusz Przybylski
,Marek Maciejewski
,Małgorzata Krawczyk
,Alicja Wasilewski
,Marzena Grabowski
,Janusz Zalewski
,Andrzej Stępień
,Kazimiera Dudek
,Czesław Włodarczyk
,Jarosław Górska
,Marcin Zielińska
,Elżbieta Szymczak
,Kazimiera Wójcik
,Jan Lewandowska
,Maria Jaworski
,Izabela Mazurek
,Tomasz Lewandowski
,Robert Urbański
,Kazimierz Nowak
,Maciej Włodarczyk
,Leszek Dąbrowska
,Agata Szczepański
,Stanisława Dudek
,Ewa Nowakowski
,Leszek Mazur
,Marta Zawadzki
,Wiesław Zielińska
,Dorota Zieliński
,Ewa Kaczmarek
,Sławomir Maciejewski
,Małgorzata Czerwińska
,Wiesław Kwiatkowska
,Janusz Szulc
,Roman Duda
,Łukasz Nowak
,Iwona Kamińska
,Mirosław Kwiatkowski
,Urszula Jankowska
,Roman Makowska
,Jolanta Zawadzka
,Aleksandra Kowalczyk
,Ryszard Andrzejewski
,Ewa Zalewska
,Katarzyna Wiśniewska
,Jerzy Mazurek
,Stefania Kucharska
,Kazimierz Głowacki
,Mirosław Nowak
,Monika Jaworski
,Krystyna Wilk
,Sebastian Ostrowski
,Małgorzata Piotrowski
,Marcin Bąk
,Patrycja Pawłowski
,Halina Michalak
,Zofia Głowacka
,Agnieszka Pietrzak
,Edyta Wasilewska
,Dariusz Górski
,Danuta Lis
,Patrycja Jasińska
,Patrycja Wójcik
,Leszek Szulc
,Roman Zając
,Ewa Ziółkowski
,Kazimierz Zając
,Bożena Borkowski
,Magdalena Adamczyk
,Tadeusz Sadowski
,Andrzej Szczepański
,Agnieszka Kaczmarek
,Patrycja Wysocki
,Alicja Kaźmierczak
,Piotr Pawłowski
,Michał Majewski
,Wiesława Lis
,Przemysław Głowacka
,Aleksandra Kalinowska
,Ewa Sikora
,Marta Borkowskia
,Stanisław Sadowski
,Wiesław Brzezińska
,Monika Brzezińska
,Mateusz Wysocki
,Aleksandra Sokołowski
,Iwona Kucharski
,Jakub Pawłowska
,Teresa Jasińska
,Stanisław Walczak
,Izabela Nowak
,Józef Urbański
,Krystyna Kowalska
,Izabela Wieczorek
,Sylwia Jasiński
,Halina Pietrzak
,Janina Wilk
,Teresa Marciniak
,Wiesław Głowacki
,Ryszard Chmielewska
,Sylwia Sikora
,Andrzej Zielińska
,Czesław Szymczak
,Rafał Wiśniewski
,Agnieszka Majewski
,Piotr Gajewska
,Agnieszka Kołodziej
,Daniel Sikorska
,Jacek Zalewski
,Andrzej Czarnecka
,Alicja Zalewska
,Alicja Ostrowska
,Mariusz Górski
,Dariusz Jasińska
,Halina Mazur
,Waldemar Szewczyk
,Janusz Grabowski
,Dawid Zakrzewski
,Józef Kucharski
,Marzena Kwiatkowska
,Teresa Baran
,Sebastian Cieślak
,Daniel Michalska
,Jakub Chmielewska
,Edyta Gajewski
,Natalia Walczak
,Natalia Włodarczyk
,Henryk Dudek
,Paulina Duda
,Jolanta Kaczmarek
,Ewelina Adamczyk
,Jolanta Sikorski
,Mieczysław Laskowska
,Urszula Szczepańska
,Grzegorz Jaworski
,Mirosław Wasilewski
,Wiesława Zając
,Kazimiera Duda
,Marcin Pawłowska
,Janusz Sobczak
,Mieczysław Kubiak
,Jarosław Wróbel
,Czesław Krawczyk
,Alicja Lewandowski
,Justyna Lewandowska
,Jakub Wojciechowski
,Stanisława Górska
,Krystyna Jakubowska
,Tadeusz Jaworski
,Zbigniew Kwiatkowska
,Stefania Sikorska
,Zofia Urbański
,Wanda Makowska
,Kazimiera Andrzejewski
,Marzena Kaźmierczak
,Marek Pawłowski
,Andrzej Sawicka
,Mariusz Górska
,Robert Olszewski
,Łukasz Szymczak
,Alicja Czerwińska
,Dawid Woźniak
,Jerzy Kubiak
,Paweł Kaczmarek
,Kazimiera Ziółkowska
,Dawid Sikorska
,Stanisław Kaczmarek
,Stanisław Wysocki
,Jacek Urbańska
,Elżbieta Szczepański
,Zbigniew Lewandowski
