Kołobrzeg,Częstochowa Stradom,Rabka-Zdrój,Olsztyn Główny,Kamienna Góra,Sucha Beskidzka Zamek,Jelenia Góra,Białogard,
Otwock,Włoszczowa Północ,Kołobrzeg,Pruszków,Łuków,Gdańsk Oliwa,Legnica,Skierniewice,
Pruszków,Zakopane,Tarnowskie Góry,Konin,Przemyśl Główny,Kraków Główny,Toruń Główny,Port Lotniczy Szczecin Goleniów,
Warszawa Lotnisko Chopina,Łódź Fabryczna,Lubliniec,Kłodzko Główne,Giżycko,Stargard,Sucha Beskidzka Zamek,Chojnice,
Kołobrzeg,Laskowice Pomorskie,Legnica,Kielce,Lubliniec,Konin,Łódź Kaliska,Olsztyn Główny,
Zakopane,Kołobrzeg,Szczecin Główny,Gorzów Wielkopolski,Łódź Fabryczna,Kutno,Przemyśl Główny,Nowy Targ,
Zielona Góra Główna,Małkinia,Pruszków,Zgierz,Warszawa Główna,Szczecin Dąbie,Iława Główna,Kłodzko Główne,
Giżycko,Warszawa Gdańska,Gniezno,Katowice,Kalisz,Częstochowa,Lublin Główny,Warszawa Zachodnia,
Rzeszów Główny,Konin,Szczecin Dąbie,Sosnowiec Główny,Kołobrzeg,Gliwice,Kielce,Brest-Centralnyi,
Łuków,Ciechanów,Inowrocław Rąbinek,Inowrocław,Wrocław Główny,Kalisz,Gdańsk Oliwa,Laskowice Pomorskie,
Bydgoszcz Główna,Lębork,Kołobrzeg,Łuków,Tarnowskie Góry,Zielona Góra Główna,Świnoujście,Laskowice Pomorskie,
Elbląg,Stargard,Sosnowiec Główny,Gdańsk Wrzeszcz,Gdańsk Oliwa,Małkinia,Kutno,Nałęczów,
Laskowice Pomorskie,Tychy Miasto,Świnoujście,Brest-Centralnyi,Skierniewice,Sucha Beskidzka Zamek,Gdańsk Wrzeszcz,Koluszki,
Biała Podlaska,Katowice,Zielona Góra Główna,Łowicz Główny,Inowrocław Rąbinek,Skarżysko-Kamienna,Siedlce,Warszawa Gdańska,
Piła Główna,Kędzierzyn-Koźle,Gdańsk Wrzeszcz,Giżycko,Przemyśl Główny,Szczecin Dąbie,Kalisz,Malbork,
Kędzierzyn-Koźle,Lubliniec,Sosnowiec Główny,Bielsko-Biała Główna,Nowy Targ,Olsztyn Główny,Skierniewice,Giżycko,
Warszawa Gdańska,Lublin Główny,Częstochowa,Wrocław Główny,Opole Główne,Radom Główny,Piła Główna,Gniezno,
Warszawa Gdańska,Elbląg,Nałęczów,Włocławek,Brest-Centralnyi,Giżycko,Legnica,Olsztyn Główny,
Warszawa Gdańska,Legnica,Łowicz Główny,Stargard,Brest-Centralnyi,Port Lotniczy Szczecin Goleniów,Opole Główne,Bielsko-Biała Główna,
Sosnowiec Główny,Warszawa Główna,Warszawa Centralna,Lębork,Żyrardów,Laskowice Pomorskie,Gdynia Główna,Białystok,
Wrocław Główny,Włocławek,Tychy Miasto,Warszawa Wileńska,Inowrocław Rąbinek,Port Lotniczy Szczecin Goleniów,Rzeszów Główny,Malbork,
Nowy Targ,Małkinia,Toruń Główny,Inowrocław,Otwock,Kamienna Góra,Warszawa Główna,Warszawa Wschodnia,
Koszalin,Biała Podlaska,Białogard,Warszawa Wileńska,Częstochowa Stradom,Małkinia,Zakopane,Stargard,
Otwock,Chojnice,Stargard,Warszawa Zachodnia,Gdańsk Wrzeszcz,Modlin,Elbląg,Szczecin Główny,
Łuków,Kalisz,Warszawa Wileńska,Łódź Kaliska,Włoszczowa Północ,Elbląg,Szczecin Dąbie,Gdańsk Wrzeszcz,
Tarnowskie Góry,Zakopane,Skarżysko-Kamienna,Ełk,Radom Główny,Gdynia Główna,Ciechanów,Gdańsk Port Lotniczy,
Port Lotniczy Szczecin Goleniów,Nałęczów,Kraków Główny,Łódź Fabryczna,Radom Główny,Warszawa Główna,Gdańsk Oliwa,Warszawa Wschodnia,
Kalisz,Świnoujście,Poznań Główny,Warszawa Gdańska,Koluszki,Kędzierzyn-Koźle,Otwock,Lębork,
Inowrocław,Włocławek,Warszawa Zachodnia,Gdańsk Wrzeszcz,Warszawa Główna,Katowice,Włoszczowa Północ,Inowrocław Rąbinek,
Brzeg,Szczecin Główny,Kutno,Warszawa Centralna,Warszawa Lotnisko Chopina,Łódź Fabryczna,Przemyśl Główny,Włocławek,
Nałęczów,Tczew,Malbork,Warszawa Śródmieście,Giżycko,Gdańsk Oliwa,Kłodzko Główne,Iława Główna,
Inowrocław Rąbinek,Łuków,Bydgoszcz Główna,Warszawa Gdańska,Rzeszów Główny,Kamienna Góra,Gdynia Główna,Radom Główny,
Zakopane,Sopot,Skierniewice,Zgierz,Włocławek,Gdańsk Port Lotniczy,Włoszczowa Północ,Inowrocław Rąbinek,
Opole Główne,Przemyśl Główny,Kraków Główny,Katowice,Warszawa Gdańska,Chojnice,Rzeszów Główny,Brzeg,
Częstochowa Stradom,Ełk,Żyrardów,Gdynia Główna,Lubliniec,Kołobrzeg,Sucha Beskidzka Zamek,Lębork,
Ełk,Warszawa Wschodnia,Poznań Główny,Kłodzko Główne,Sosnowiec Główny,Przemyśl Główny,Koszalin,Ciechanów,
Bydgoszcz Główna,Siedlce,Otwock,Rzeszów Główny,Ostrów Wielkopolski,Toruń Główny,Kielce,Kędzierzyn-Koźle,
Port Lotniczy Szczecin Goleniów,Toruń Główny,Szczecin Główny,Bielsko-Biała Główna,Giżycko,Zielona Góra Główna,Katowice,Poznań Główny,
Kalisz,Lubliniec,Kutno,Ostrów Wielkopolski,Nałęczów,Łódź Fabryczna,Pruszków,Ełk,
Zawiercie,Port Lotniczy Szczecin Goleniów,Toruń Główny,Gdańsk Oliwa,Ciechanów,Żyrardów,Jelenia Góra,Warszawa Wschodnia,
Gniezno,Iława Główna,Elbląg,Lublin Główny,Poznań Główny,Siedlce,Kutno,Tychy Miasto,
Tychy Miasto,Olsztyn Główny,Inowrocław Rąbinek,Siedlce,Koszalin,Lębork,Stargard,Szczecin Dąbie,
Białystok,Rzeszów Główny,Koluszki,Konin,Kutno,Gorzów Wielkopolski,Nałęczów,Skierniewice,
Malbork,Kędzierzyn-Koźle,Łowicz Główny,Ostrów Wielkopolski,Elbląg,Nałęczów,Częstochowa Stradom,Brzeg,
Łowicz Główny,Port Lotniczy Szczecin Goleniów,Zielona Góra Główna,Malbork,Nałęczów,Zgierz,Małkinia,Brest-Centralnyi,
Skarżysko-Kamienna,Tychy Miasto,Otwock,Toruń Główny,Bielsko-Biała Główna,Gdańsk Port Lotniczy,Sucha Beskidzka Zamek,Szczecin Dąbie,
Zawiercie,Nałęczów,Nowy Targ,Łowicz Główny,Koszalin,Ełk,Toruń Główny,Poznań Główny,
Lublin Główny,Białystok,Sopot,Częstochowa Stradom,Skarżysko-Kamienna,Szczecin Dąbie,Bielsko-Biała Główna,Żyrardów,
Warszawa Śródmieście,Katowice,Częstochowa Stradom,Przemyśl Główny,Giżycko,Warszawa Zachodnia,Gdańsk Port Lotniczy,Łowicz Główny,
Działdowo,Warszawa Główna,Zgierz,Wrocław Główny,Skierniewice,Katowice,Włocławek,Bielsko-Biała Główna,
Jelenia Góra,Nałęczów,Malbork,Tarnowskie Góry,Warszawa Gdańska,Łowicz Główny,Częstochowa Stradom,Kraków Główny,
Kutno,Modlin,Tarnowskie Góry,Katowice,Bielsko-Biała Główna,Laskowice Pomorskie,Olsztyn Główny,Warszawa Centralna,
Kędzierzyn-Koźle,Gorzów Wielkopolski,Otwock,Włocławek,Warszawa Centralna,Nowy Targ,Ełk,Sosnowiec Główny,
Jelenia Góra,Elbląg,Siedlce,Bydgoszcz Główna,Inowrocław,Suwałki,Sucha Beskidzka Zamek,Tczew,
Jelenia Góra,Koluszki,Przemyśl Główny,Zakopane,Zawiercie,Radom Główny,Warszawa Gdańska,Kłodzko Główne,
Laskowice Pomorskie,Białogard,Łódź Widzew,Zielona Góra Główna,Szczecin Główny,Siedlce,Chojnice,Kłodzko Główne,
Zielona Góra Główna,Bydgoszcz Główna,Zakopane,Elbląg,Lublin Główny,Poznań Główny,Koszalin,Nowy Targ,
Ostrów Wielkopolski,Warszawa Zachodnia,Wrocław Główny,Łódź Kaliska,Kołobrzeg,Białogard,Kamienna Góra,Laskowice Pomorskie,
Kłodzko Główne,Żyrardów,Szczecin Główny,Skierniewice,Ełk,Kielce,Zawiercie,Suwałki,
Lubliniec,Lublin Główny,Opole Główne,Radom Główny,Katowice,Warszawa Centralna,Inowrocław,Malbork,
Inowrocław,Warszawa Główna,Kędzierzyn-Koźle,Warszawa Wschodnia,Białogard,Częstochowa Stradom,Stargard,Gniezno,
Nałęczów,Łódź Kaliska,Ełk,Włocławek,Zgierz,Warszawa Wschodnia,Elbląg,Gorzów Wielkopolski,
Gdańsk Port Lotniczy,Szczecin Główny,Kielce,Wałbrzych Miasto,Skierniewice,Włoszczowa Północ,Sosnowiec Główny,Warszawa Wileńska,
Łódź Fabryczna,Kielce,Kłodzko Główne,Jelenia Góra,Lubliniec,Opole Główne,Sucha Beskidzka Zamek,Skarżysko-Kamienna,
