,Biała Podlaska
,Białogard
,Białystok
,Bielsko-Biała Główna
,Brest-Centralnyi
,Brzeg
,Bydgoszcz Główna
,Chojnice
,Ciechanów
,Częstochowa
,Częstochowa Stradom
,Działdowo
,Elbląg
,Ełk
,Gdańsk Główny
,Gdańsk Oliwa
,Gdańsk Port Lotniczy
,Gdańsk Wrzeszcz
,Gdynia Główna
,Giżycko
,Gliwice
,Gniezno
,Gorzów Wielkopolski
,Iława Główna
,Inowrocław
,Inowrocław Rąbinek
,Jelenia Góra
,Kalisz
,Kamienna Góra
,Katowice
,Kędzierzyn-Koźle
,Kielce
,Kłodzko Główne
,Koluszki
,Kołobrzeg
,Konin
,Koszalin
,Kraków Główny
,Kutno
,Laskowice Pomorskie
,Legnica
,Leszno
,Lębork
,Lublin Główny
,Lubliniec
,Łowicz Główny
,Łódź Fabryczna
,Łódź Kaliska
,Łódź Widzew
,Łuków
,Malbork
,Małkinia
,Modlin
,Nałęczów
,Nowy Targ
,Olsztyn Główny
,Opole Główne
,Ostrów Wielkopolski
,Otwock
,Piła Główna
,Port Lotniczy Szczecin Goleniów
,Poznań Główny
,Pruszków
,Przemyśl Główny
,Rabka-Zdrój
,Radom Główny
,Rzeszów Główny
,Siedlce
,Skarżysko-Kamienna
,Skierniewice
,Słupsk
,Sopot
,Sosnowiec Główny
,Stargard
,Sucha Beskidzka Zamek
,Suwałki
,Szczecin Dąbie
,Szczecin Główny
,Świnoujście
,Tarnowskie Góry
,Tczew
,Toruń Główny
,Tychy Miasto
,Wałbrzych Miasto
,Warszawa Centralna
,Warszawa Gdańska
,Warszawa Główna
,Warszawa Lotnisko Chopina
,Warszawa Śródmieście
,Warszawa Wileńska
,Warszawa Wschodnia
,Warszawa Zachodnia
,Włocławek
,Włoszczowa Północ
,Wrocław Główny
,Zakopane
,Zawiercie
,Zgierz
,Zielona Góra Główna
,Żyrardów
