EIP5301,EIP
EIP5302,EIP
EIP5303,EIP
EIP5304,EIP
EIP5305,EIP
EIP5306,EIP
EIP5307,EIP
EIP5308,EIP
EIP5309,EIP
EIP5310,EIP
EIP5311,EIP
EIP5312,EIP
EIP5313,EIP
EIP5314,EIP
EIP5315,EIP
EIP5316,EIP
EIP5317,EIP
EIP5318,EIP
EIP5319,EIP
EIP5320,EIP
EIP5321,EIP
EIP5322,EIP
EIP5323,EIP
EIP5324,EIP
EIP5325,EIP
EIP5326,EIP
EIP5327,EIP
EIP5328,EIP
EIP5329,EIP
EIP5330,EIP
EIP5331,EIP
EIP5332,EIP
EIP5333,EIP
EIP5334,EIP
EIP5335,EIP
EIP5336,EIP
EIP5337,EIP
EIP5338,EIP
EIP5339,EIP
EIP5340,EIP
EIP5341,EIP
EIP5342,EIP
EIP5343,EIP
EIP5344,EIP
EIP5345,EIP
EIP5346,EIP
EIP5347,EIP
EIP5348,EIP
EIP5349,EIP
EIP5350,EIP
EIP5351,EIP
EIP5352,EIP
EIP5353,EIP
EIP5354,EIP
EIP5355,EIP
EIP5356,EIP
EIP5357,EIP
EIP5358,EIP
EIP5359,EIP
EIP5360,EIP
EIP5361,EIP
EIP5362,EIP
EIP5363,EIP
EIP5364,EIP
EIC5201,EIC
EIC5202,EIC
EIC5203,EIC
EIC5204,EIC
EIC5205,EIC
EIC5206,EIC
EIC5207,EIC
EIC5208,EIC
EIC5209,EIC
EIC5210,EIC
EIC5211,EIC
EIC5212,EIC
EIC5213,EIC
EIC5214,EIC
EIC5215,EIC
EIC5216,EIC
EIC5217,EIC
EIC5218,EIC
EIC5219,EIC
EIC5220,EIC
EIC5221,EIC
EIC5222,EIC
EIC5223,EIC
EIC5224,EIC
EIC5225,EIC
EIC5226,EIC
EIC5227,EIC
EIC5228,EIC
EIC5229,EIC
EIC5230,EIC
EIC5231,EIC
EIC5232,EIC
EIC5233,EIC
EIC5234,EIC
EIC5235,EIC
EIC5236,EIC
EIC5237,EIC
EIC5238,EIC
EIC5239,EIC
EIC5240,EIC
EIC5241,EIC
EIC5242,EIC
EIC5243,EIC
EIC5244,EIC
EIC5245,EIC
EIC5246,EIC
EIC5247,EIC
EIC5248,EIC
EIC5249,EIC
EIC5250,EIC
EIC5251,EIC
EIC5252,EIC
EIC5253,EIC
EIC5254,EIC
EIC5255,EIC
EIC5256,EIC
EIC5257,EIC
EIC5258,EIC
EIC5259,EIC
EIC5260,EIC
EIC5261,EIC
EIC5262,EIC
EIC5263,EIC
EIC5264,EIC
IC5101,IC
IC5102,IC
IC5103,IC
IC5104,IC
IC5105,IC
IC5106,IC
IC5107,IC
IC5108,IC
IC5109,IC
IC5110,IC
IC5111,IC
IC5112,IC
IC5113,IC
IC5114,IC
IC5115,IC
IC5116,IC
IC5117,IC
IC5118,IC
IC5119,IC
IC5120,IC
IC5121,IC
IC5122,IC
IC5123,IC
IC5124,IC
IC5125,IC
IC5126,IC
IC5127,IC
IC5128,IC
IC5129,IC
IC5130,IC
IC5131,IC
IC5132,IC
IC5133,IC
IC5134,IC
IC5135,IC
IC5136,IC
IC5137,IC
IC5138,IC
IC5139,IC
IC5140,IC
IC5141,IC
IC5142,IC
IC5143,IC
IC5144,IC
IC5145,IC
IC5146,IC
IC5147,IC
IC5148,IC
IC5149,IC
IC5150,IC
IC5151,IC
IC5152,IC
IC5153,IC
IC5154,IC
IC5155,IC
IC5156,IC
IC5157,IC
IC5158,IC
IC5159,IC
IC5160,IC
IC5161,IC
IC5162,IC
IC5163,IC
IC5164,IC
TLK83001,TLK
TLK83002,TLK
TLK83003,TLK
TLK83004,TLK
TLK83005,TLK
TLK83006,TLK
TLK83007,TLK
TLK83008,TLK
TLK83009,TLK
TLK83010,TLK
TLK83011,TLK
TLK83012,TLK
TLK83013,TLK
TLK83014,TLK
TLK83015,TLK
TLK83016,TLK
TLK83017,TLK
TLK83018,TLK
TLK83019,TLK
TLK83020,TLK
TLK83021,TLK
TLK83022,TLK
TLK83023,TLK
TLK83024,TLK
TLK83025,TLK
TLK83026,TLK
TLK83027,TLK
TLK83028,TLK
TLK83029,TLK
TLK83030,TLK
TLK83031,TLK
TLK83032,TLK
TLK83033,TLK
TLK83034,TLK
TLK83035,TLK
TLK83036,TLK
TLK83037,TLK
TLK83038,TLK
TLK83039,TLK
TLK83040,TLK
TLK83041,TLK
TLK83042,TLK
TLK83043,TLK
TLK83044,TLK
TLK83045,TLK
TLK83046,TLK
TLK83047,TLK
TLK83048,TLK
TLK83049,TLK
TLK83050,TLK
TLK83051,TLK
TLK83052,TLK
TLK83053,TLK
TLK83054,TLK
TLK83055,TLK
TLK83056,TLK
TLK83057,TLK
TLK83058,TLK
TLK83059,TLK
TLK83060,TLK
TLK83061,TLK
TLK83062,TLK
TLK83063,TLK
TLK83064,TLK